flow,snapshot,value,unit
XY_CE_to_XY_NR,2040-01-01 00:00:00,-820.0221615349221,MW
XY_CE_to_XY_NR,2040-01-02 01:00:00,-910.0432141664858,MW
XY_CE_to_XY_NR,2040-01-03 02:00:00,-931.4432141664759,MW
XY_CE_to_XY_NR,2040-01-04 03:00:00,-876.2432141664756,MW
XY_CE_to_XY_NR,2040-01-05 04:00:00,-884.6432141664761,MW
XY_CE_to_XY_NR,2040-01-06 05:00:00,-885.4432141664752,MW
XY_CE_to_XY_NR,2040-01-07 06:00:00,-842.9401439907017,MW
XY_CE_to_XY_NR,2040-01-08 07:00:00,-755.2033774161196,MW
XY_CE_to_XY_NR,2040-01-09 08:00:00,-637.4432141664956,MW
XY_CE_to_XY_NR,2040-01-10 09:00:00,-624.0432141664953,MW
XY_CE_to_XY_NR,2040-01-11 10:00:00,-332.71594143949574,MW
XY_CE_to_XY_NR,2040-01-12 11:00:00,-386.71594143949596,MW
XY_CE_to_XY_NR,2040-01-13 12:00:00,-284.3159414394959,MW
XY_CE_to_XY_NR,2040-01-14 13:00:00,-460.9159414394953,MW
XY_CE_to_XY_NR,2040-01-15 14:00:00,-902.4432141664956,MW
XY_CE_to_XY_NR,2040-01-16 15:00:00,-910.2432141664958,MW
XY_CE_to_XY_NR,2040-01-17 16:00:00,-618.4432141665054,MW
XY_CE_to_XY_NR,2040-01-18 17:00:00,-414.4432141664954,MW
XY_CE_to_XY_NR,2040-01-19 18:00:00,-572.7326897778153,MW
XY_CE_to_XY_NR,2040-01-20 19:00:00,-1214.9763333312223,MW
XY_CE_to_XY_NR,2040-01-21 20:00:00,-1190.1999999979598,MW
XY_CE_to_XY_NR,2040-01-22 21:00:00,-1187.233333331283,MW
XY_CE_to_XY_NR,2040-01-23 22:00:00,-1246.44999999805,MW
XY_CE_to_XY_NR,2040-01-24 23:00:00,-679.8432141664853,MW
XY_CE_to_XY_NR,2040-01-26 00:00:00,-842.043214166486,MW
XY_CE_to_XY_NR,2040-01-27 01:00:00,-863.043214166486,MW
XY_CE_to_XY_NR,2040-01-28 02:00:00,-969.843214166476,MW
XY_CE_to_XY_NR,2040-01-29 03:00:00,-952.4432141664754,MW
XY_CE_to_XY_NR,2040-01-30 04:00:00,-938.843214166476,MW
XY_CE_to_XY_NR,2040-01-31 05:00:00,-898.4432141664856,MW
XY_CE_to_XY_NR,2040-02-01 06:00:00,-990.4432141664856,MW
XY_CE_to_XY_NR,2040-02-02 07:00:00,-876.6432141664957,MW
XY_CE_to_XY_NR,2040-02-03 08:00:00,-618.6432141664857,MW
XY_CE_to_XY_NR,2040-02-04 09:00:00,-723.843214166476,MW
XY_CE_to_XY_NR,2040-02-05 10:00:00,-638.7159414394953,MW
XY_CE_to_XY_NR,2040-02-06 11:00:00,-798.715941439495,MW
XY_CE_to_XY_NR,2040-02-07 12:00:00,-739.1159414394951,MW
XY_CE_to_XY_NR,2040-02-08 13:00:00,-969.654650711992,MW
XY_CE_to_XY_NR,2040-02-09 14:00:00,-748.3159414394955,MW
XY_CE_to_XY_NR,2040-02-10 15:00:00,-899.5159414394955,MW
XY_CE_to_XY_NR,2040-02-11 16:00:00,-678.5159414394955,MW
XY_CE_to_XY_NR,2040-02-12 17:00:00,-750.6432141664952,MW
XY_CE_to_XY_NR,2040-02-13 18:00:00,-1127.0520134403462,MW
XY_CE_to_XY_NR,2040-02-14 19:00:00,-1166.2639192313673,MW
XY_CE_to_XY_NR,2040-02-15 20:00:00,-697.6432141664955,MW
XY_CE_to_XY_NR,2040-02-16 21:00:00,-776.4432141664956,MW
XY_CE_to_XY_NR,2040-02-17 22:00:00,-722.0432141664953,MW
XY_CE_to_XY_NR,2040-02-18 23:00:00,-762.2432141664958,MW
XY_CE_to_XY_NR,2040-02-20 00:00:00,-954.8432141664853,MW
XY_CE_to_XY_NR,2040-02-21 01:00:00,-994.6432141664859,MW
XY_CE_to_XY_NR,2040-02-22 02:00:00,-1082.4432141664759,MW
XY_CE_to_XY_NR,2040-02-23 03:00:00,-1073.8432141664755,MW
XY_CE_to_XY_NR,2040-02-24 04:00:00,-1032.8432141664757,MW
XY_CE_to_XY_NR,2040-02-25 05:00:00,-988.443214166475,MW
XY_CE_to_XY_NR,2040-02-26 06:00:00,-783.4432141664754,MW
XY_CE_to_XY_NR,2040-02-27 07:00:00,-745.8432141664853,MW
XY_CE_to_XY_NR,2040-02-28 08:00:00,-871.8432141664955,MW
XY_CE_to_XY_NR,2040-02-29 09:00:00,-859.8432141664857,MW
XY_CE_to_XY_NR,2040-03-01 10:00:00,-425.71594143949574,MW
XY_CE_to_XY_NR,2040-03-02 11:00:00,-230.7159414394954,MW
XY_CE_to_XY_NR,2040-03-03 12:00:00,-341.5159414394957,MW
XY_CE_to_XY_NR,2040-03-04 13:00:00,-196.3159414394952,MW
XY_CE_to_XY_NR,2040-03-05 14:00:00,-345.9159414394951,MW
XY_CE_to_XY_NR,2040-03-06 15:00:00,-284.3159414394954,MW
XY_CE_to_XY_NR,2040-03-07 16:00:00,-271.9159414394951,MW
XY_CE_to_XY_NR,2040-03-08 17:00:00,-453.4432141665036,MW
XY_CE_to_XY_NR,2040-03-09 18:00:00,-212.68724383331346,MW
XY_CE_to_XY_NR,2040-03-10 19:00:00,-919.7166666647264,MW
XY_CE_to_XY_NR,2040-03-11 20:00:00,-960.92499999806,MW
XY_CE_to_XY_NR,2040-03-12 21:00:00,-1061.9916666647166,MW
XY_CE_to_XY_NR,2040-03-13 22:00:00,-1155.391666664717,MW
XY_CE_to_XY_NR,2040-03-14 23:00:00,-694.043214166496,MW
XY_CE_to_XY_NR,2040-03-16 00:00:00,-756.6432141664854,MW
XY_CE_to_XY_NR,2040-03-17 01:00:00,-780.4432141664854,MW
XY_CE_to_XY_NR,2040-03-18 02:00:00,-846.9468718953228,MW
XY_CE_to_XY_NR,2040-03-19 03:00:00,-817.243214166476,MW
XY_CE_to_XY_NR,2040-03-20 04:00:00,-738.0432141664758,MW
XY_CE_to_XY_NR,2040-03-21 05:00:00,-796.0432141664758,MW
XY_CE_to_XY_NR,2040-03-22 06:00:00,-672.8432141664857,MW
XY_CE_to_XY_NR,2040-03-23 07:00:00,-389.2432141664856,MW
XY_CE_to_XY_NR,2040-03-24 08:00:00,-519.6432141664854,MW
XY_CE_to_XY_NR,2040-03-25 09:00:00,-562.2432141664954,MW
XY_CE_to_XY_NR,2040-03-26 10:00:00,-546.2432141664856,MW
XY_CE_to_XY_NR,2040-03-27 11:00:00,-229.7159414394954,MW
XY_CE_to_XY_NR,2040-03-28 12:00:00,-485.490214414388,MW
XY_CE_to_XY_NR,2040-03-29 13:00:00,-528.2261780837675,MW
XY_CE_to_XY_NR,2040-03-30 14:00:00,-393.1159414394954,MW
XY_CE_to_XY_NR,2040-03-31 15:00:00,-607.4432141664956,MW
XY_CE_to_XY_NR,2040-04-01 16:00:00,-420.4432141665045,MW
XY_CE_to_XY_NR,2040-04-02 17:00:00,-1056.457677192353,MW
XY_CE_to_XY_NR,2040-04-03 18:00:00,-965.1709999979544,MW
XY_CE_to_XY_NR,2040-04-04 19:00:00,-1154.2499999980603,MW
XY_CE_to_XY_NR,2040-04-05 20:00:00,-1189.02499999807,MW
XY_CE_to_XY_NR,2040-04-06 21:00:00,-1091.6666666646267,MW
XY_CE_to_XY_NR,2040-04-07 22:00:00,-1053.62499999806,MW
XY_CE_to_XY_NR,2040-04-08 23:00:00,-1141.7916666647163,MW
XY_CE_to_XY_NR,2040-04-10 00:00:00,-1285.6499999980497,MW
XY_CE_to_XY_NR,2040-04-11 01:00:00,-1259.2499999980394,MW
XY_CE_to_XY_NR,2040-04-12 02:00:00,-1308.24999999805,MW
XY_CE_to_XY_NR,2040-04-13 03:00:00,-1319.4499999980503,MW
XY_CE_to_XY_NR,2040-04-14 04:00:00,-1412.64999999804,MW
XY_CE_to_XY_NR,2040-04-15 05:00:00,-1391.4499999980396,MW
XY_CE_to_XY_NR,2040-04-16 06:00:00,-1321.32499999805,MW
XY_CE_to_XY_NR,2040-04-17 07:00:00,-898.4718886326484,MW
XY_CE_to_XY_NR,2040-04-18 08:00:00,-562.8432141664957,MW
XY_CE_to_XY_NR,2040-04-19 09:00:00,-696.6432141664854,MW
XY_CE_to_XY_NR,2040-04-20 10:00:00,-752.2432141664958,MW
XY_CE_to_XY_NR,2040-04-21 11:00:00,-493.04321416648554,MW
XY_CE_to_XY_NR,2040-04-22 12:00:00,-620.3288375277191,MW
XY_CE_to_XY_NR,2040-04-23 13:00:00,-284.7159414394953,MW
XY_CE_to_XY_NR,2040-04-24 14:00:00,-833.0432141664951,MW
XY_CE_to_XY_NR,2040-04-25 15:00:00,-903.8432141664962,MW
XY_CE_to_XY_NR,2040-04-26 16:00:00,-708.6432141665045,MW
XY_CE_to_XY_NR,2040-04-27 17:00:00,-1011.8249999980701,MW
XY_CE_to_XY_NR,2040-04-28 18:00:00,-1053.2159333918225,MW
XY_CE_to_XY_NR,2040-04-29 19:00:00,-1057.5783333312904,MW
XY_CE_to_XY_NR,2040-04-30 20:00:00,-1118.8666666646263,MW
XY_CE_to_XY_NR,2040-05-01 21:00:00,-1122.7999999979597,MW
XY_CE_to_XY_NR,2040-05-02 22:00:00,-1203.79999999795,MW
XY_CE_to_XY_NR,2040-05-03 23:00:00,-1174.0937437928048,MW
XY_CE_to_XY_NR,2040-05-05 00:00:00,-1172.2749999980497,MW
XY_CE_to_XY_NR,2040-05-06 01:00:00,-1298.4499999980503,MW
XY_CE_to_XY_NR,2040-05-07 02:00:00,-1326.8499999980397,MW
XY_CE_to_XY_NR,2040-05-08 03:00:00,-1352.8499999980395,MW
XY_CE_to_XY_NR,2040-05-09 04:00:00,-1373.6499999980501,MW
XY_CE_to_XY_NR,2040-05-10 05:00:00,-1387.4499999980399,MW
XY_CE_to_XY_NR,2040-05-11 06:00:00,-1309.2249999980397,MW
XY_CE_to_XY_NR,2040-05-12 07:00:00,-1326.5999999979497,MW
XY_CE_to_XY_NR,2040-05-13 08:00:00,-1124.4249999980602,MW
XY_CE_to_XY_NR,2040-05-14 09:00:00,-423.64321416649545,MW
XY_CE_to_XY_NR,2040-05-15 10:00:00,-728.8432141664957,MW
XY_CE_to_XY_NR,2040-05-16 11:00:00,-823.8432141664953,MW
XY_CE_to_XY_NR,2040-05-17 12:00:00,-837.8432141665057,MW
XY_CE_to_XY_NR,2040-05-18 13:00:00,-726.8432141665055,MW
XY_CE_to_XY_NR,2040-05-19 14:00:00,-701.8432141665055,MW
XY_CE_to_XY_NR,2040-05-20 15:00:00,-1329.769539089073,MW
XY_CE_to_XY_NR,2040-05-21 16:00:00,-964.3916991858193,MW
XY_CE_to_XY_NR,2040-05-22 17:00:00,-1115.6854999979573,MW
XY_CE_to_XY_NR,2040-05-23 18:00:00,-1244.5999999979601,MW
XY_CE_to_XY_NR,2040-05-24 19:00:00,-1221.3999999979603,MW
XY_CE_to_XY_NR,2040-05-25 20:00:00,-1121.9999999979595,MW
XY_CE_to_XY_NR,2040-05-26 21:00:00,-1087.2666666646167,MW
XY_CE_to_XY_NR,2040-05-27 22:00:00,-1028.7999999979597,MW
XY_CE_to_XY_NR,2040-05-28 23:00:00,-1090.9999999979398,MW
XY_CE_to_XY_NR,2040-05-30 00:00:00,-1217.74999999805,MW
XY_CE_to_XY_NR,2040-05-31 01:00:00,-1152.6499999980397,MW
XY_CE_to_XY_NR,2040-06-01 02:00:00,-1230.4499999980499,MW
XY_CE_to_XY_NR,2040-06-02 03:00:00,-830.0715988110952,MW
XY_CE_to_XY_NR,2040-06-03 04:00:00,-1289.4499999980503,MW
XY_CE_to_XY_NR,2040-06-04 05:00:00,-1291.64999999804,MW
XY_CE_to_XY_NR,2040-06-05 06:00:00,-1164.7249999980497,MW
XY_CE_to_XY_NR,2040-06-06 07:00:00,-393.64321416649545,MW
XY_CE_to_XY_NR,2040-06-07 08:00:00,-590.2432141664858,MW
XY_CE_to_XY_NR,2040-06-08 09:00:00,-532.0432141664958,MW
XY_CE_to_XY_NR,2040-06-09 10:00:00,-1153.1363726779832,MW
XY_CE_to_XY_NR,2040-06-10 11:00:00,-447.8432141664857,MW
XY_CE_to_XY_NR,2040-06-11 12:00:00,-684.8432141664853,MW
XY_CE_to_XY_NR,2040-06-12 13:00:00,-613.2432141664958,MW
XY_CE_to_XY_NR,2040-06-13 14:00:00,-230.31594143949542,MW
XY_CE_to_XY_NR,2040-06-14 15:00:00,-387.7159414394955,MW
XY_CE_to_XY_NR,2040-06-15 16:00:00,-823.8432141664957,MW
XY_CE_to_XY_NR,2040-06-16 17:00:00,-578.430281378879,MW
XY_CE_to_XY_NR,2040-06-17 18:00:00,-967.0186020445642,MW
XY_CE_to_XY_NR,2040-06-18 19:00:00,-1040.6439133797132,MW
XY_CE_to_XY_NR,2040-06-19 20:00:00,-976.3333333312934,MW
XY_CE_to_XY_NR,2040-06-20 21:00:00,-969.19999999796,MW
XY_CE_to_XY_NR,2040-06-21 22:00:00,-1152.5999999979597,MW
XY_CE_to_XY_NR,2040-06-22 23:00:00,-1106.99999999796,MW
XY_CE_to_XY_NR,2040-06-24 00:00:00,-953.3999999979601,MW
XY_CE_to_XY_NR,2040-06-25 01:00:00,-1158.97499999805,MW
XY_CE_to_XY_NR,2040-06-26 02:00:00,-1263.9999999979402,MW
XY_CE_to_XY_NR,2040-06-27 03:00:00,-1317.5684999979494,MW
XY_CE_to_XY_NR,2040-06-28 04:00:00,-1236.9499999980399,MW
XY_CE_to_XY_NR,2040-06-29 05:00:00,-1283.4499999980496,MW
XY_CE_to_XY_NR,2040-06-30 06:00:00,-1313.0499999980502,MW
XY_CE_to_XY_NR,2040-07-01 07:00:00,-1341.4499999980503,MW
XY_CE_to_XY_NR,2040-07-02 08:00:00,-794.1027539052566,MW
XY_CE_to_XY_NR,2040-07-03 09:00:00,-568.8751112401396,MW
XY_CE_to_XY_NR,2040-07-04 10:00:00,-519.2432141664858,MW
XY_CE_to_XY_NR,2040-07-05 11:00:00,-639.6432141664957,MW
XY_CE_to_XY_NR,2040-07-06 12:00:00,-662.043214166486,MW
XY_CE_to_XY_NR,2040-07-07 13:00:00,-525.0684428006446,MW
XY_CE_to_XY_NR,2040-07-08 14:00:00,-754.0432141664958,MW
XY_CE_to_XY_NR,2040-07-09 15:00:00,-316.57300524270187,MW
XY_CE_to_XY_NR,2040-07-10 16:00:00,-657.8432141664953,MW
XY_CE_to_XY_NR,2040-07-11 17:00:00,-557.2432141665054,MW
XY_CE_to_XY_NR,2040-07-12 18:00:00,-574.4432141664956,MW
XY_CE_to_XY_NR,2040-07-13 19:00:00,-552.6235746044564,MW
XY_CE_to_XY_NR,2040-07-14 20:00:00,-1077.2749999980597,MW
XY_CE_to_XY_NR,2040-07-15 21:00:00,-1116.6583333313934,MW
XY_CE_to_XY_NR,2040-07-16 22:00:00,-996.9587719287364,MW
XY_CE_to_XY_NR,2040-07-17 23:00:00,-935.5333333312927,MW
XY_CE_to_XY_NR,2040-07-19 00:00:00,-1101.82499999806,MW
XY_CE_to_XY_NR,2040-07-20 01:00:00,-1155.24999999804,MW
XY_CE_to_XY_NR,2040-07-21 02:00:00,-432.6432141664859,MW
XY_CE_to_XY_NR,2040-07-22 03:00:00,-544.6432141664859,MW
XY_CE_to_XY_NR,2040-07-23 04:00:00,-623.1663852988448,MW
XY_CE_to_XY_NR,2040-07-24 05:00:00,-1251.9296921508567,MW
XY_CE_to_XY_NR,2040-07-25 06:00:00,-1376.2499999980505,MW
XY_CE_to_XY_NR,2040-07-26 07:00:00,-956.8297418068256,MW
XY_CE_to_XY_NR,2040-07-27 08:00:00,-1389.0499999980502,MW
XY_CE_to_XY_NR,2040-07-28 09:00:00,-972.8404844172077,MW
XY_CE_to_XY_NR,2040-07-29 10:00:00,-374.2432141664858,MW
XY_CE_to_XY_NR,2040-07-30 11:00:00,-595.8432141664957,MW
XY_CE_to_XY_NR,2040-07-31 12:00:00,-404.11594143949515,MW
XY_CE_to_XY_NR,2040-08-01 13:00:00,-480.9159414394853,MW
XY_CE_to_XY_NR,2040-08-02 14:00:00,-671.9159414394956,MW
XY_CE_to_XY_NR,2040-08-03 15:00:00,-640.4951994790383,MW
XY_CE_to_XY_NR,2040-08-04 16:00:00,-474.44321416649564,MW
XY_CE_to_XY_NR,2040-08-05 17:00:00,-482.4432141665054,MW
XY_CE_to_XY_NR,2040-08-06 18:00:00,-708.6818933399238,MW
XY_CE_to_XY_NR,2040-08-07 19:00:00,-1002.7110800464931,MW
XY_CE_to_XY_NR,2040-08-08 20:00:00,-1006.5249999980701,MW
XY_CE_to_XY_NR,2040-08-09 21:00:00,-874.9657894722691,MW
XY_CE_to_XY_NR,2040-08-10 22:00:00,-1194.8499999980702,MW
XY_CE_to_XY_NR,2040-08-11 23:00:00,-1033.1249999980603,MW
XY_CE_to_XY_NR,2040-08-13 00:00:00,-1002.2749999980597,MW
XY_CE_to_XY_NR,2040-08-14 01:00:00,-1192.92499999805,MW
XY_CE_to_XY_NR,2040-08-15 02:00:00,-657.7446871842217,MW
XY_CE_to_XY_NR,2040-08-16 03:00:00,-638.8432141664862,MW
XY_CE_to_XY_NR,2040-08-17 04:00:00,-643.4432141664861,MW
XY_CE_to_XY_NR,2040-08-18 05:00:00,-629.4888530315168,MW
XY_CE_to_XY_NR,2040-08-19 06:00:00,-1356.24999999805,MW
XY_CE_to_XY_NR,2040-08-20 07:00:00,-1297.3249999980503,MW
XY_CE_to_XY_NR,2040-08-21 08:00:00,-1130.4499999980496,MW
XY_CE_to_XY_NR,2040-08-22 09:00:00,-369.64321416649545,MW
XY_CE_to_XY_NR,2040-08-23 10:00:00,-717.0432141664955,MW
XY_CE_to_XY_NR,2040-08-24 11:00:00,-524.1159414394951,MW
XY_CE_to_XY_NR,2040-08-25 12:00:00,-396.3159414394954,MW
XY_CE_to_XY_NR,2040-08-26 13:00:00,-462.11594143949515,MW
XY_CE_to_XY_NR,2040-08-27 14:00:00,-281.71594143949505,MW
XY_CE_to_XY_NR,2040-08-28 15:00:00,-419.84321416649595,MW
XY_CE_to_XY_NR,2040-08-29 16:00:00,-579.2598393447474,MW
XY_CE_to_XY_NR,2040-08-30 17:00:00,-698.0432141664955,MW
XY_CE_to_XY_NR,2040-08-31 18:00:00,-603.4432141665047,MW
XY_CE_to_XY_NR,2040-09-01 19:00:00,-924.6999999979696,MW
XY_CE_to_XY_NR,2040-09-02 20:00:00,-1163.758333331403,MW
XY_CE_to_XY_NR,2040-09-03 21:00:00,-1203.7506666646148,MW
XY_CE_to_XY_NR,2040-09-04 22:00:00,-1126.7999999979604,MW
XY_CE_to_XY_NR,2040-09-05 23:00:00,-1133.8249999980499,MW
XY_CE_to_XY_NR,2040-09-07 00:00:00,-1239.6499999980497,MW
XY_CE_to_XY_NR,2040-09-08 01:00:00,-1329.44999999806,MW
XY_CE_to_XY_NR,2040-09-09 02:00:00,-996.8142502463393,MW
XY_CE_to_XY_NR,2040-09-10 03:00:00,-917.530139021302,MW
XY_CE_to_XY_NR,2040-09-11 04:00:00,-658.643214166475,MW
XY_CE_to_XY_NR,2040-09-12 05:00:00,-1346.4499999980394,MW
XY_CE_to_XY_NR,2040-09-13 06:00:00,-672.4432141664756,MW
XY_CE_to_XY_NR,2040-09-14 07:00:00,-1059.2668818256118,MW
XY_CE_to_XY_NR,2040-09-15 08:00:00,-591.6432141664754,MW
XY_CE_to_XY_NR,2040-09-16 09:00:00,-536.843214166475,MW
XY_CE_to_XY_NR,2040-09-17 10:00:00,-633.6432141664957,MW
XY_CE_to_XY_NR,2040-09-18 11:00:00,-524.2432141664958,MW
XY_CE_to_XY_NR,2040-09-19 12:00:00,-695.2432141664958,MW
XY_CE_to_XY_NR,2040-09-20 13:00:00,-1000.4432141664954,MW
XY_CE_to_XY_NR,2040-09-21 14:00:00,-1132.043214166506,MW
XY_CE_to_XY_NR,2040-09-22 15:00:00,-1256.333472060406,MW
XY_CE_to_XY_NR,2040-09-23 16:00:00,-645.4201757001736,MW
XY_CE_to_XY_NR,2040-09-24 17:00:00,-748.9598642461765,MW
XY_CE_to_XY_NR,2040-09-25 18:00:00,-1167.8999999979596,MW
XY_CE_to_XY_NR,2040-09-26 19:00:00,-1034.1999999979598,MW
XY_CE_to_XY_NR,2040-09-27 20:00:00,-1276.7999999979697,MW
XY_CE_to_XY_NR,2040-09-28 21:00:00,-1220.74999999806,MW
XY_CE_to_XY_NR,2040-09-29 22:00:00,-1183.3999999979599,MW
XY_CE_to_XY_NR,2040-09-30 23:00:00,-1183.7333333312936,MW
XY_CE_to_XY_NR,2040-10-02 00:00:00,-1346.8249999980499,MW
XY_CE_to_XY_NR,2040-10-03 01:00:00,-1364.0499999980498,MW
XY_CE_to_XY_NR,2040-10-04 02:00:00,-723.4432141664763,MW
XY_CE_to_XY_NR,2040-10-05 03:00:00,-749.2432141664754,MW
XY_CE_to_XY_NR,2040-10-06 04:00:00,-778.4432141664856,MW
XY_CE_to_XY_NR,2040-10-07 05:00:00,-765.8432141664857,MW
XY_CE_to_XY_NR,2040-10-08 06:00:00,-726.0432141664851,MW
XY_CE_to_XY_NR,2040-10-09 07:00:00,-1271.6499999980501,MW
XY_CE_to_XY_NR,2040-10-10 08:00:00,-504.8432141664953,MW
XY_CE_to_XY_NR,2040-10-11 09:00:00,-591.6432141664957,MW
XY_CE_to_XY_NR,2040-10-12 10:00:00,-702.4432141664961,MW
XY_CE_to_XY_NR,2040-10-13 11:00:00,-450.0432141664958,MW
XY_CE_to_XY_NR,2040-10-14 12:00:00,-773.6432141664859,MW
XY_CE_to_XY_NR,2040-10-15 13:00:00,-750.0432141664955,MW
XY_CE_to_XY_NR,2040-10-16 14:00:00,-980.6432141664955,MW
XY_CE_to_XY_NR,2040-10-17 15:00:00,-914.6432141664955,MW
XY_CE_to_XY_NR,2040-10-18 16:00:00,-854.043214166496,MW
XY_CE_to_XY_NR,2040-10-19 17:00:00,-546.043214166504,MW
XY_CE_to_XY_NR,2040-10-20 18:00:00,-891.6999999979598,MW
XY_CE_to_XY_NR,2040-10-21 19:00:00,-757.8666666646336,MW
XY_CE_to_XY_NR,2040-10-22 20:00:00,-1009.1999999979596,MW
XY_CE_to_XY_NR,2040-10-23 21:00:00,-1115.795448526047,MW
XY_CE_to_XY_NR,2040-10-24 22:00:00,-1193.92499999806,MW
XY_CE_to_XY_NR,2040-10-25 23:00:00,-808.2513406141534,MW
XY_CE_to_XY_NR,2040-10-27 00:00:00,-653.6432141664861,MW
XY_CE_to_XY_NR,2040-10-28 01:00:00,-955.3624627594129,MW
XY_CE_to_XY_NR,2040-10-29 02:00:00,-740.8432141664853,MW
XY_CE_to_XY_NR,2040-10-30 03:00:00,-769.8432141664857,MW
XY_CE_to_XY_NR,2040-10-31 04:00:00,-787.2432141664754,MW
XY_CE_to_XY_NR,2040-11-01 05:00:00,-838.2432141664758,MW
XY_CE_to_XY_NR,2040-11-02 06:00:00,-798.2432141664856,MW
XY_CE_to_XY_NR,2040-11-03 07:00:00,-732.0831678243242,MW
XY_CE_to_XY_NR,2040-11-04 08:00:00,-627.8332313706932,MW
XY_CE_to_XY_NR,2040-11-05 09:00:00,-910.7914949389726,MW
XY_CE_to_XY_NR,2040-11-06 10:00:00,-590.2432141664958,MW
XY_CE_to_XY_NR,2040-11-07 11:00:00,-291.24321416648536,MW
XY_CE_to_XY_NR,2040-11-08 12:00:00,-160.9159414394852,MW
XY_CE_to_XY_NR,2040-11-09 13:00:00,-286.31594143949565,MW
XY_CE_to_XY_NR,2040-11-10 14:00:00,43.68405856050458,MW
XY_CE_to_XY_NR,2040-11-11 15:00:00,-692.8432141664955,MW
XY_CE_to_XY_NR,2040-11-12 16:00:00,-554.6432141664955,MW
XY_CE_to_XY_NR,2040-11-13 17:00:00,-437.2432141664956,MW
XY_CE_to_XY_NR,2040-11-14 18:00:00,-813.6658367713253,MW
XY_CE_to_XY_NR,2040-11-15 19:00:00,-929.04999999806,MW
XY_CE_to_XY_NR,2040-11-16 20:00:00,-571.9876365436427,MW
XY_CE_to_XY_NR,2040-11-17 21:00:00,-941.6999999979498,MW
XY_CE_to_XY_NR,2040-11-18 22:00:00,-902.8701423393142,MW
XY_CE_to_XY_NR,2040-11-19 23:00:00,-540.2432141664958,MW
XY_CE_to_XY_NR,2040-11-21 00:00:00,-656.6432141664857,MW
XY_CE_to_XY_NR,2040-11-22 01:00:00,-1412.1051638510144,MW
XY_CE_to_XY_NR,2040-11-23 02:00:00,-798.0432141664753,MW
XY_CE_to_XY_NR,2040-11-24 03:00:00,-633.6432141664754,MW
XY_CE_to_XY_NR,2040-11-25 04:00:00,-831.6432141664854,MW
XY_CE_to_XY_NR,2040-11-26 05:00:00,-807.0432141664755,MW
XY_CE_to_XY_NR,2040-11-27 06:00:00,-771.0432141664858,MW
XY_CE_to_XY_NR,2040-11-28 07:00:00,-614.4432141664856,MW
XY_CE_to_XY_NR,2040-11-29 08:00:00,-626.8432141664855,MW
XY_CE_to_XY_NR,2040-11-30 09:00:00,-618.6432141664854,MW
XY_CE_to_XY_NR,2040-12-01 10:00:00,-628.6432141664857,MW
XY_CE_to_XY_NR,2040-12-02 11:00:00,-867.6432141664859,MW
XY_CE_to_XY_NR,2040-12-03 12:00:00,-318.51594143949524,MW
XY_CE_to_XY_NR,2040-12-04 13:00:00,-547.5159414394855,MW
XY_CE_to_XY_NR,2040-12-05 14:00:00,-557.715941439495,MW
XY_CE_to_XY_NR,2040-12-06 15:00:00,-836.3661638605532,MW
XY_CE_to_XY_NR,2040-12-07 16:00:00,-1034.6432141664955,MW
XY_CE_to_XY_NR,2040-12-08 17:00:00,-830.3651393520188,MW
XY_CE_to_XY_NR,2040-12-09 18:00:00,-924.4499999980699,MW
XY_CE_to_XY_NR,2040-12-10 19:00:00,-597.458333331403,MW
XY_CE_to_XY_NR,2040-12-11 20:00:00,-948.72499999806,MW
XY_CE_to_XY_NR,2040-12-12 21:00:00,-428.4432141664954,MW
XY_CE_to_XY_NR,2040-12-13 22:00:00,-588.4432141664959,MW
XY_CE_to_XY_NR,2040-12-14 23:00:00,-669.8432141664953,MW
XY_CE_to_XY_NR,2040-12-16 00:00:00,-679.8432141664857,MW
XY_CE_to_XY_NR,2040-12-17 01:00:00,-709.4432141664854,MW
XY_CE_to_XY_NR,2040-12-18 02:00:00,-805.0432141664855,MW
XY_CE_to_XY_NR,2040-12-19 03:00:00,-832.4432141664856,MW
XY_CE_to_XY_NR,2040-12-20 04:00:00,-850.043214166476,MW
XY_CE_to_XY_NR,2040-12-21 05:00:00,-849.4432141664856,MW
XY_CE_to_XY_NR,2040-12-22 06:00:00,-1202.125918569093,MW
XY_CE_to_XY_NR,2040-12-23 07:00:00,-1094.366012411731,MW
XY_CE_to_XY_NR,2040-12-24 08:00:00,-801.5230252441135,MW
XY_CE_to_XY_NR,2040-12-25 09:00:00,-459.6432141664752,MW
XY_CE_to_XY_NR,2040-12-26 10:00:00,-596.2432141664854,MW
XY_CE_to_XY_NR,2040-12-27 11:00:00,-797.0432141664855,MW
XY_CE_to_XY_NR,2040-12-28 12:00:00,-588.9159414394956,MW
XY_CE_to_XY_NR,2040-12-29 13:00:00,-619.1159414395054,MW
XY_CE_to_XY_NR,2040-12-30 14:00:00,-744.1159414394956,MW
XY_CE_to_XY_NR,2040-12-31 15:00:00,-823.2432141664858,MW
XY_CE_to_XY_SO,2040-01-01 00:00:00,242.87040715003945,MW
XY_CE_to_XY_SO,2040-01-02 01:00:00,616.2388282026525,MW
XY_CE_to_XY_SO,2040-01-03 02:00:00,801.5956434956865,MW
XY_CE_to_XY_SO,2040-01-04 03:00:00,950.5932164846809,MW
XY_CE_to_XY_SO,2040-01-05 04:00:00,494.14409136053314,MW
XY_CE_to_XY_SO,2040-01-06 05:00:00,402.2914597815925,MW
XY_CE_to_XY_SO,2040-01-07 06:00:00,458.44803872895386,MW
XY_CE_to_XY_SO,2040-01-08 07:00:00,337.66084094432836,MW
XY_CE_to_XY_SO,2040-01-09 08:00:00,-472.08433455155756,MW
XY_CE_to_XY_SO,2040-01-10 09:00:00,-121.74263020962098,MW
XY_CE_to_XY_SO,2040-01-11 10:00:00,-1700.0,MW
XY_CE_to_XY_SO,2040-01-12 11:00:00,-1149.774579047983,MW
XY_CE_to_XY_SO,2040-01-13 12:00:00,81.4312364436255,MW
XY_CE_to_XY_SO,2040-01-14 13:00:00,-394.8498082806632,MW
XY_CE_to_XY_SO,2040-01-15 14:00:00,-231.95966233100262,MW
XY_CE_to_XY_SO,2040-01-16 15:00:00,-421.84953855680055,MW
XY_CE_to_XY_SO,2040-01-17 16:00:00,-865.0952212490356,MW
XY_CE_to_XY_SO,2040-01-18 17:00:00,-980.2113068649363,MW
XY_CE_to_XY_SO,2040-01-19 18:00:00,-890.9617492539751,MW
XY_CE_to_XY_SO,2040-01-20 19:00:00,656.9318952333435,MW
XY_CE_to_XY_SO,2040-01-21 20:00:00,472.2677259183629,MW
XY_CE_to_XY_SO,2040-01-22 21:00:00,31.74359483574449,MW
XY_CE_to_XY_SO,2040-01-23 22:00:00,-155.43572567868432,MW
XY_CE_to_XY_SO,2040-01-24 23:00:00,274.2753227412436,MW
XY_CE_to_XY_SO,2040-01-26 00:00:00,269.2704071500225,MW
XY_CE_to_XY_SO,2040-01-27 01:00:00,608.2704071500225,MW
XY_CE_to_XY_SO,2040-01-28 02:00:00,788.3756703079127,MW
XY_CE_to_XY_SO,2040-01-29 03:00:00,750.6177755710626,MW
XY_CE_to_XY_SO,2040-01-30 04:00:00,689.0072492552729,MW
XY_CE_to_XY_SO,2040-01-31 05:00:00,227.62830188687212,MW
XY_CE_to_XY_SO,2040-02-01 06:00:00,747.0072492552922,MW
XY_CE_to_XY_SO,2040-02-02 07:00:00,591.577137220803,MW
XY_CE_to_XY_SO,2040-02-03 08:00:00,-1198.7638171268657,MW
XY_CE_to_XY_SO,2040-02-04 09:00:00,-1202.6176957790785,MW
XY_CE_to_XY_SO,2040-02-05 10:00:00,-1700.0,MW
XY_CE_to_XY_SO,2040-02-06 11:00:00,-582.1967896646129,MW
XY_CE_to_XY_SO,2040-02-07 12:00:00,360.07877183628625,MW
XY_CE_to_XY_SO,2040-02-08 13:00:00,1047.0847700673821,MW
XY_CE_to_XY_SO,2040-02-09 14:00:00,1198.5325644668565,MW
XY_CE_to_XY_SO,2040-02-10 15:00:00,30.592277427574572,MW
XY_CE_to_XY_SO,2040-02-11 16:00:00,-1294.9165410004143,MW
XY_CE_to_XY_SO,2040-02-12 17:00:00,-233.03174293092383,MW
XY_CE_to_XY_SO,2040-02-13 18:00:00,-197.85684152462272,MW
XY_CE_to_XY_SO,2040-02-14 19:00:00,52.97532274123341,MW
XY_CE_to_XY_SO,2040-02-15 20:00:00,-333.3987090374248,MW
XY_CE_to_XY_SO,2040-02-16 21:00:00,-207.5401191657479,MW
XY_CE_to_XY_SO,2040-02-17 22:00:00,-221.34011916574786,MW
XY_CE_to_XY_SO,2040-02-18 23:00:00,4.838828202672175,MW
XY_CE_to_XY_SO,2040-02-20 00:00:00,709.3861966237114,MW
XY_CE_to_XY_SO,2040-02-21 01:00:00,935.8388282026526,MW
XY_CE_to_XY_SO,2040-02-22 02:00:00,1282.2914597815932,MW
XY_CE_to_XY_SO,2040-02-23 03:00:00,1375.6653907912055,MW
XY_CE_to_XY_SO,2040-02-24 04:00:00,1146.3651439921223,MW
XY_CE_to_XY_SO,2040-02-25 05:00:00,833.280933465792,MW
XY_CE_to_XY_SO,2040-02-26 06:00:00,212.69145978158235,MW
XY_CE_to_XY_SO,2040-02-27 07:00:00,0.5111595433025968,MW
XY_CE_to_XY_SO,2040-02-28 08:00:00,106.12667777649324,MW
XY_CE_to_XY_SO,2040-02-29 09:00:00,-894.3807479546979,MW
XY_CE_to_XY_SO,2040-03-01 10:00:00,-565.8931219073493,MW
XY_CE_to_XY_SO,2040-03-02 11:00:00,-661.679566310092,MW
XY_CE_to_XY_SO,2040-03-03 12:00:00,-240.5472466986139,MW
XY_CE_to_XY_SO,2040-03-04 13:00:00,28.684788210855004,MW
XY_CE_to_XY_SO,2040-03-05 14:00:00,-489.0221107130528,MW
XY_CE_to_XY_SO,2040-03-06 15:00:00,-1644.8322686713204,MW
XY_CE_to_XY_SO,2040-03-07 16:00:00,-1619.0647983459342,MW
XY_CE_to_XY_SO,2040-03-08 17:00:00,-1334.5125776397763,MW
XY_CE_to_XY_SO,2040-03-09 18:00:00,-1601.1296051386073,MW
XY_CE_to_XY_SO,2040-03-10 19:00:00,-1306.8842105271501,MW
XY_CE_to_XY_SO,2040-03-11 20:00:00,-1101.4563306803361,MW
XY_CE_to_XY_SO,2040-03-12 21:00:00,-764.020506450687,MW
XY_CE_to_XY_SO,2040-03-13 22:00:00,142.17775571045968,MW
XY_CE_to_XY_SO,2040-03-14 23:00:00,-298.36117179732764,MW
XY_CE_to_XY_SO,2040-03-16 00:00:00,-48.77169811312842,MW
XY_CE_to_XY_SO,2040-03-17 01:00:00,112.65988083423167,MW
XY_CE_to_XY_SO,2040-03-18 02:00:00,651.802135054302,MW
XY_CE_to_XY_SO,2040-03-19 03:00:00,850.986544190331,MW
XY_CE_to_XY_SO,2040-03-20 04:00:00,195.54409136053278,MW
XY_CE_to_XY_SO,2040-03-21 05:00:00,139.56514399212233,MW
XY_CE_to_XY_SO,2040-03-22 06:00:00,-416.5927507447077,MW
XY_CE_to_XY_SO,2040-03-23 07:00:00,-911.3409860232966,MW
XY_CE_to_XY_SO,2040-03-24 08:00:00,-931.7739460750252,MW
XY_CE_to_XY_SO,2040-03-25 09:00:00,-81.90987422992566,MW
XY_CE_to_XY_SO,2040-03-26 10:00:00,-88.84975601635279,MW
XY_CE_to_XY_SO,2040-03-27 11:00:00,-986.4146253451977,MW
XY_CE_to_XY_SO,2040-03-28 12:00:00,408.6871441223466,MW
XY_CE_to_XY_SO,2040-03-29 13:00:00,358.27790725796785,MW
XY_CE_to_XY_SO,2040-03-30 14:00:00,-918.9813310413637,MW
XY_CE_to_XY_SO,2040-03-31 15:00:00,-693.3031141814946,MW
XY_CE_to_XY_SO,2040-04-01 16:00:00,-1700.0,MW
XY_CE_to_XY_SO,2040-04-02 17:00:00,-1700.0,MW
XY_CE_to_XY_SO,2040-04-03 18:00:00,-692.8024034709979,MW
XY_CE_to_XY_SO,2040-04-04 19:00:00,-1053.8350297908773,MW
XY_CE_to_XY_SO,2040-04-05 20:00:00,-927.0269860961175,MW
XY_CE_to_XY_SO,2040-04-06 21:00:00,-1625.9842105272498,MW
XY_CE_to_XY_SO,2040-04-07 22:00:00,-1085.0430734846464,MW
XY_CE_to_XY_SO,2040-04-08 23:00:00,-576.291112211469,MW
XY_CE_to_XY_SO,2040-04-10 00:00:00,-476.2883316755647,MW
XY_CE_to_XY_SO,2040-04-11 01:00:00,20.599006951748834,MW
XY_CE_to_XY_SO,2040-04-12 02:00:00,299.5466732867576,MW
XY_CE_to_XY_SO,2040-04-13 03:00:00,484.5087636543067,MW
XY_CE_to_XY_SO,2040-04-14 04:00:00,220.70178748766284,MW
XY_CE_to_XY_SO,2040-04-15 05:00:00,-432.7303376367647,MW
XY_CE_to_XY_SO,2040-04-16 06:00:00,201.97157398241802,MW
XY_CE_to_XY_SO,2040-04-17 07:00:00,-685.1390926882527,MW
XY_CE_to_XY_SO,2040-04-18 08:00:00,-1174.9075211011152,MW
XY_CE_to_XY_SO,2040-04-19 09:00:00,165.38860943790246,MW
XY_CE_to_XY_SO,2040-04-20 10:00:00,-751.2048108792751,MW
XY_CE_to_XY_SO,2040-04-21 11:00:00,-847.2838654215755,MW
XY_CE_to_XY_SO,2040-04-22 12:00:00,-1113.1303233838496,MW
XY_CE_to_XY_SO,2040-04-23 13:00:00,-936.334523190653,MW
XY_CE_to_XY_SO,2040-04-24 14:00:00,-392.3183286386434,MW
XY_CE_to_XY_SO,2040-04-25 15:00:00,-235.693078957004,MW
XY_CE_to_XY_SO,2040-04-26 16:00:00,-1337.9921689416565,MW
XY_CE_to_XY_SO,2040-04-27 17:00:00,-1673.5135710897,MW
XY_CE_to_XY_SO,2040-04-28 18:00:00,324.20861887592434,MW
XY_CE_to_XY_SO,2040-04-29 19:00:00,108.95299205656443,MW
XY_CE_to_XY_SO,2040-04-30 20:00:00,-485.09543197516723,MW
XY_CE_to_XY_SO,2040-05-01 21:00:00,-394.9798411128067,MW
XY_CE_to_XY_SO,2040-05-02 22:00:00,305.59394240349275,MW
XY_CE_to_XY_SO,2040-05-03 23:00:00,75.05427010967355,MW
XY_CE_to_XY_SO,2040-05-05 00:00:00,443.6934210517693,MW
XY_CE_to_XY_SO,2040-05-06 01:00:00,101.16489572969817,MW
XY_CE_to_XY_SO,2040-05-07 02:00:00,603.6785501491064,MW
XY_CE_to_XY_SO,2040-05-08 03:00:00,792.6748013903957,MW
XY_CE_to_XY_SO,2040-05-09 04:00:00,424.523138034177,MW
XY_CE_to_XY_SO,2040-05-10 05:00:00,983.6420556106953,MW
XY_CE_to_XY_SO,2040-05-11 06:00:00,567.6311320753764,MW
XY_CE_to_XY_SO,2040-05-12 07:00:00,272.04975616123045,MW
XY_CE_to_XY_SO,2040-05-13 08:00:00,-70.45110390972798,MW
XY_CE_to_XY_SO,2040-05-14 09:00:00,-788.6883654298454,MW
XY_CE_to_XY_SO,2040-05-15 10:00:00,-208.7357858796758,MW
XY_CE_to_XY_SO,2040-05-16 11:00:00,-127.77896261153342,MW
XY_CE_to_XY_SO,2040-05-17 12:00:00,1297.0771023612058,MW
XY_CE_to_XY_SO,2040-05-18 13:00:00,200.90921610264672,MW
XY_CE_to_XY_SO,2040-05-19 14:00:00,-482.43586724609565,MW
XY_CE_to_XY_SO,2040-05-20 15:00:00,-899.6643564356344,MW
XY_CE_to_XY_SO,2040-05-21 16:00:00,-877.7311522324228,MW
XY_CE_to_XY_SO,2040-05-22 17:00:00,57.179290582505814,MW
XY_CE_to_XY_SO,2040-05-23 18:00:00,514.2299694214788,MW
XY_CE_to_XY_SO,2040-05-24 19:00:00,245.53133068589182,MW
XY_CE_to_XY_SO,2040-05-25 20:00:00,1177.468321747821,MW
XY_CE_to_XY_SO,2040-05-26 21:00:00,226.28386296049143,MW
XY_CE_to_XY_SO,2040-05-27 22:00:00,1055.273485599731,MW
XY_CE_to_XY_SO,2040-05-28 23:00:00,-107.4162859987282,MW
XY_CE_to_XY_SO,2040-05-30 00:00:00,123.02800397174826,MW
XY_CE_to_XY_SO,2040-05-31 01:00:00,20.229170804289424,MW
XY_CE_to_XY_SO,2040-06-01 02:00:00,-394.84096325450446,MW
XY_CE_to_XY_SO,2040-06-02 03:00:00,-1024.0626117138022,MW
XY_CE_to_XY_SO,2040-06-03 04:00:00,145.61621151916847,MW
XY_CE_to_XY_SO,2040-06-04 05:00:00,153.89779046653848,MW
XY_CE_to_XY_SO,2040-06-05 06:00:00,-185.4327706053204,MW
XY_CE_to_XY_SO,2040-06-06 07:00:00,-1281.9663363357756,MW
XY_CE_to_XY_SO,2040-06-07 08:00:00,-1347.4428289093482,MW
XY_CE_to_XY_SO,2040-06-08 09:00:00,-1700.0,MW
XY_CE_to_XY_SO,2040-06-09 10:00:00,-1700.0,MW
XY_CE_to_XY_SO,2040-06-10 11:00:00,-1504.8637966657138,MW
XY_CE_to_XY_SO,2040-06-11 12:00:00,-938.07469250188,MW
XY_CE_to_XY_SO,2040-06-12 13:00:00,-811.5809693589654,MW
XY_CE_to_XY_SO,2040-06-13 14:00:00,-1700.0,MW
XY_CE_to_XY_SO,2040-06-14 15:00:00,-1700.0,MW
XY_CE_to_XY_SO,2040-06-15 16:00:00,-1334.549851519576,MW
XY_CE_to_XY_SO,2040-06-16 17:00:00,-1700.0,MW
XY_CE_to_XY_SO,2040-06-17 18:00:00,-1700.0,MW
XY_CE_to_XY_SO,2040-06-18 19:00:00,-1264.3617637092361,MW
XY_CE_to_XY_SO,2040-06-19 20:00:00,-911.1586350255916,MW
XY_CE_to_XY_SO,2040-06-20 21:00:00,201.99960727909752,MW
XY_CE_to_XY_SO,2040-06-21 22:00:00,57.1725422042648,MW
XY_CE_to_XY_SO,2040-06-22 23:00:00,-252.57974180624706,MW
XY_CE_to_XY_SO,2040-06-24 00:00:00,-900.3210526325315,MW
XY_CE_to_XY_SO,2040-06-25 01:00:00,-71.03289473770974,MW
XY_CE_to_XY_SO,2040-06-26 02:00:00,420.81509433943256,MW
XY_CE_to_XY_SO,2040-06-27 03:00:00,979.6382691162519,MW
XY_CE_to_XY_SO,2040-06-28 04:00:00,113.38853028754829,MW
XY_CE_to_XY_SO,2040-06-29 05:00:00,-248.0566037742651,MW
XY_CE_to_XY_SO,2040-06-30 06:00:00,-266.3671300900446,MW
XY_CE_to_XY_SO,2040-07-01 07:00:00,-772.6991062592429,MW
XY_CE_to_XY_SO,2040-07-02 08:00:00,-1166.5290132442708,MW
XY_CE_to_XY_SO,2040-07-03 09:00:00,-1700.0,MW
XY_CE_to_XY_SO,2040-07-04 10:00:00,-1668.5892293506909,MW
XY_CE_to_XY_SO,2040-07-05 11:00:00,-1700.0,MW
XY_CE_to_XY_SO,2040-07-06 12:00:00,-1700.0,MW
XY_CE_to_XY_SO,2040-07-07 13:00:00,-1700.0,MW
XY_CE_to_XY_SO,2040-07-08 14:00:00,-1700.0,MW
XY_CE_to_XY_SO,2040-07-09 15:00:00,-1700.0,MW
XY_CE_to_XY_SO,2040-07-10 16:00:00,-1700.0,MW
XY_CE_to_XY_SO,2040-07-11 17:00:00,-1647.2129652561057,MW
XY_CE_to_XY_SO,2040-07-12 18:00:00,-1665.957580341645,MW
XY_CE_to_XY_SO,2040-07-13 19:00:00,-1700.0,MW
XY_CE_to_XY_SO,2040-07-14 20:00:00,-1008.8539473692699,MW
XY_CE_to_XY_SO,2040-07-15 21:00:00,-1619.2566782501744,MW
XY_CE_to_XY_SO,2040-07-16 22:00:00,-1700.0,MW
XY_CE_to_XY_SO,2040-07-17 23:00:00,-1700.0,MW
XY_CE_to_XY_SO,2040-07-19 00:00:00,-564.7424776559187,MW
XY_CE_to_XY_SO,2040-07-20 01:00:00,-1027.4310824224121,MW
XY_CE_to_XY_SO,2040-07-21 02:00:00,-1700.0,MW
XY_CE_to_XY_SO,2040-07-22 03:00:00,-1700.0,MW
XY_CE_to_XY_SO,2040-07-23 04:00:00,-1067.6309831204617,MW
XY_CE_to_XY_SO,2040-07-24 05:00:00,-824.562413110893,MW
XY_CE_to_XY_SO,2040-07-25 06:00:00,-345.91976166900486,MW
XY_CE_to_XY_SO,2040-07-26 07:00:00,-889.5992055601827,MW
XY_CE_to_XY_SO,2040-07-27 08:00:00,-30.59527466226814,MW
XY_CE_to_XY_SO,2040-07-28 09:00:00,-1251.1546171825034,MW
XY_CE_to_XY_SO,2040-07-29 10:00:00,-1549.8213681271952,MW
XY_CE_to_XY_SO,2040-07-30 11:00:00,-1700.0,MW
XY_CE_to_XY_SO,2040-07-31 12:00:00,-1700.0,MW
XY_CE_to_XY_SO,2040-08-01 13:00:00,-1700.0,MW
XY_CE_to_XY_SO,2040-08-02 14:00:00,-1452.4129690285845,MW
XY_CE_to_XY_SO,2040-08-03 15:00:00,-1700.0,MW
XY_CE_to_XY_SO,2040-08-04 16:00:00,-1700.0,MW
XY_CE_to_XY_SO,2040-08-05 17:00:00,-1700.0,MW
XY_CE_to_XY_SO,2040-08-06 18:00:00,-1700.0,MW
XY_CE_to_XY_SO,2040-08-07 19:00:00,-1700.0,MW
XY_CE_to_XY_SO,2040-08-08 20:00:00,-1700.0,MW
XY_CE_to_XY_SO,2040-08-09 21:00:00,-1700.0,MW
XY_CE_to_XY_SO,2040-08-10 22:00:00,-1199.4733366425316,MW
XY_CE_to_XY_SO,2040-08-11 23:00:00,-1615.175099302805,MW
XY_CE_to_XY_SO,2040-08-13 00:00:00,-536.9171052640112,MW
XY_CE_to_XY_SO,2040-08-14 01:00:00,-645.9095829190687,MW
XY_CE_to_XY_SO,2040-08-15 02:00:00,-1697.3789970252196,MW
XY_CE_to_XY_SO,2040-08-16 03:00:00,-1438.2980139025963,MW
XY_CE_to_XY_SO,2040-08-17 04:00:00,-1232.3716981131265,MW
XY_CE_to_XY_SO,2040-08-18 05:00:00,-964.6453574937129,MW
XY_CE_to_XY_SO,2040-08-19 06:00:00,34.44210526179995,MW
XY_CE_to_XY_SO,2040-08-20 07:00:00,-427.81717974206,MW
XY_CE_to_XY_SO,2040-08-21 08:00:00,-743.1528587041603,MW
XY_CE_to_XY_SO,2040-08-22 09:00:00,-1700.0,MW
XY_CE_to_XY_SO,2040-08-23 10:00:00,-590.3248975778563,MW
XY_CE_to_XY_SO,2040-08-24 11:00:00,-1521.3214822914397,MW
XY_CE_to_XY_SO,2040-08-25 12:00:00,-1700.0,MW
XY_CE_to_XY_SO,2040-08-26 13:00:00,-1700.0,MW
XY_CE_to_XY_SO,2040-08-27 14:00:00,-1700.0,MW
XY_CE_to_XY_SO,2040-08-28 15:00:00,-1249.3237997384604,MW
XY_CE_to_XY_SO,2040-08-29 16:00:00,-1700.0,MW
XY_CE_to_XY_SO,2040-08-30 17:00:00,-902.7293265475164,MW
XY_CE_to_XY_SO,2040-08-31 18:00:00,-1683.397889036472,MW
XY_CE_to_XY_SO,2040-09-01 19:00:00,-1205.1109071621,MW
XY_CE_to_XY_SO,2040-09-02 20:00:00,-924.2822492540004,MW
XY_CE_to_XY_SO,2040-09-03 21:00:00,-949.3330263167511,MW
XY_CE_to_XY_SO,2040-09-04 22:00:00,-698.7138664315429,MW
XY_CE_to_XY_SO,2040-09-05 23:00:00,-1605.6447368429453,MW
XY_CE_to_XY_SO,2040-09-07 00:00:00,-806.1571002970422,MW
XY_CE_to_XY_SO,2040-09-08 01:00:00,-299.51971201602487,MW
XY_CE_to_XY_SO,2040-09-09 02:00:00,-585.6146971200042,MW
XY_CE_to_XY_SO,2040-09-10 03:00:00,-508.59354518747443,MW
XY_CE_to_XY_SO,2040-09-11 04:00:00,-841.304369417113,MW
XY_CE_to_XY_SO,2040-09-12 05:00:00,-130.63535253255554,MW
XY_CE_to_XY_SO,2040-09-13 06:00:00,-1009.4479890726625,MW
XY_CE_to_XY_SO,2040-09-14 07:00:00,-617.4989076463241,MW
XY_CE_to_XY_SO,2040-09-15 08:00:00,-1700.0,MW
XY_CE_to_XY_SO,2040-09-16 09:00:00,-1700.0,MW
XY_CE_to_XY_SO,2040-09-17 10:00:00,-534.2658681248486,MW
XY_CE_to_XY_SO,2040-09-18 11:00:00,178.92578057511628,MW
XY_CE_to_XY_SO,2040-09-19 12:00:00,-119.80957357822604,MW
XY_CE_to_XY_SO,2040-09-20 13:00:00,-529.9823512643497,MW
XY_CE_to_XY_SO,2040-09-21 14:00:00,-980.589815813865,MW
XY_CE_to_XY_SO,2040-09-22 15:00:00,-1420.092645542002,MW
XY_CE_to_XY_SO,2040-09-23 16:00:00,-982.4954305061306,MW
XY_CE_to_XY_SO,2040-09-24 17:00:00,-1700.0,MW
XY_CE_to_XY_SO,2040-09-25 18:00:00,-681.0476634588982,MW
XY_CE_to_XY_SO,2040-09-26 19:00:00,-564.7849827166897,MW
XY_CE_to_XY_SO,2040-09-27 20:00:00,-104.77368421145047,MW
XY_CE_to_XY_SO,2040-09-28 21:00:00,-254.0552879848198,MW
XY_CE_to_XY_SO,2040-09-29 22:00:00,-887.3855511418849,MW
XY_CE_to_XY_SO,2040-09-30 23:00:00,167.8418570004809,MW
XY_CE_to_XY_SO,2040-10-02 00:00:00,1032.7233366438866,MW
XY_CE_to_XY_SO,2040-10-03 01:00:00,1080.5865938429909,MW
XY_CE_to_XY_SO,2040-10-04 02:00:00,246.18058589915358,MW
XY_CE_to_XY_SO,2040-10-05 03:00:00,620.3072989079419,MW
XY_CE_to_XY_SO,2040-10-06 04:00:00,324.3019860974023,MW
XY_CE_to_XY_SO,2040-10-07 05:00:00,138.0283018868722,MW
XY_CE_to_XY_SO,2040-10-08 06:00:00,201.9806355507235,MW
XY_CE_to_XY_SO,2040-10-09 07:00:00,440.40719960258275,MW
XY_CE_to_XY_SO,2040-10-10 08:00:00,183.9511297159853,MW
XY_CE_to_XY_SO,2040-10-11 09:00:00,326.1103591367438,MW
XY_CE_to_XY_SO,2040-10-12 10:00:00,840.2396663228151,MW
XY_CE_to_XY_SO,2040-10-13 11:00:00,-847.0105440679035,MW
XY_CE_to_XY_SO,2040-10-14 12:00:00,-570.6658956694123,MW
XY_CE_to_XY_SO,2040-10-15 13:00:00,-192.48437472646287,MW
XY_CE_to_XY_SO,2040-10-16 14:00:00,1224.7798231070449,MW
XY_CE_to_XY_SO,2040-10-17 15:00:00,365.5696687556051,MW
XY_CE_to_XY_SO,2040-10-18 16:00:00,324.2025634624647,MW
XY_CE_to_XY_SO,2040-10-19 17:00:00,-307.95372344232555,MW
XY_CE_to_XY_SO,2040-10-20 18:00:00,178.05324412333766,MW
XY_CE_to_XY_SO,2040-10-21 19:00:00,143.3514895726753,MW
XY_CE_to_XY_SO,2040-10-22 20:00:00,666.946746276356,MW
XY_CE_to_XY_SO,2040-10-23 21:00:00,210.80158887802418,MW
XY_CE_to_XY_SO,2040-10-24 22:00:00,-243.28448361811905,MW
XY_CE_to_XY_SO,2040-10-25 23:00:00,13.222393247144737,MW
XY_CE_to_XY_SO,2040-10-27 00:00:00,-285.08311817264456,MW
XY_CE_to_XY_SO,2040-10-28 01:00:00,577.9440417078524,MW
XY_CE_to_XY_SO,2040-10-29 02:00:00,-21.613803376288615,MW
XY_CE_to_XY_SO,2040-10-30 03:00:00,-136.64538232365703,MW
XY_CE_to_XY_SO,2040-10-31 04:00:00,223.41777557106252,MW
XY_CE_to_XY_SO,2040-11-01 05:00:00,495.09145978159313,MW
XY_CE_to_XY_SO,2040-11-02 06:00:00,158.75461767634283,MW
XY_CE_to_XY_SO,2040-11-03 07:00:00,65.92790466751399,MW
XY_CE_to_XY_SO,2040-11-04 08:00:00,47.88564651306399,MW
XY_CE_to_XY_SO,2040-11-05 09:00:00,125.53190193266823,MW
XY_CE_to_XY_SO,2040-11-06 10:00:00,-173.7631058639558,MW
XY_CE_to_XY_SO,2040-11-07 11:00:00,-461.12164402658846,MW
XY_CE_to_XY_SO,2040-11-08 12:00:00,-1700.0,MW
XY_CE_to_XY_SO,2040-11-09 13:00:00,186.7230173262442,MW
XY_CE_to_XY_SO,2040-11-10 14:00:00,-1687.504794167784,MW
XY_CE_to_XY_SO,2040-11-11 15:00:00,-581.0186226184528,MW
XY_CE_to_XY_SO,2040-11-12 16:00:00,29.5861312345603,MW
XY_CE_to_XY_SO,2040-11-13 17:00:00,-510.3151418257964,MW
XY_CE_to_XY_SO,2040-11-14 18:00:00,-1310.7831053944947,MW
XY_CE_to_XY_SO,2040-11-15 19:00:00,-621.1728401157472,MW
XY_CE_to_XY_SO,2040-11-16 20:00:00,-681.2518371391469,MW
XY_CE_to_XY_SO,2040-11-17 21:00:00,526.1801901696736,MW
XY_CE_to_XY_SO,2040-11-18 22:00:00,-474.79389274732273,MW
XY_CE_to_XY_SO,2040-11-19 23:00:00,-878.8416583931918,MW
XY_CE_to_XY_SO,2040-11-21 00:00:00,115.5066037734548,MW
XY_CE_to_XY_SO,2040-11-22 01:00:00,1172.6551638530905,MW
XY_CE_to_XY_SO,2040-11-23 02:00:00,284.24935451843135,MW
XY_CE_to_XY_SO,2040-11-24 03:00:00,267.8493545184315,MW
XY_CE_to_XY_SO,2040-11-25 04:00:00,221.82830188687194,MW
XY_CE_to_XY_SO,2040-11-26 05:00:00,229.2177755710627,MW
XY_CE_to_XY_SO,2040-11-27 06:00:00,369.28083416143295,MW
XY_CE_to_XY_SO,2040-11-28 07:00:00,-579.2937437903838,MW
XY_CE_to_XY_SO,2040-11-29 08:00:00,-213.58897829585692,MW
XY_CE_to_XY_SO,2040-11-30 09:00:00,-282.89747031627644,MW
XY_CE_to_XY_SO,2040-12-01 10:00:00,-373.0542863313244,MW
XY_CE_to_XY_SO,2040-12-02 11:00:00,-215.03207497577932,MW
XY_CE_to_XY_SO,2040-12-03 12:00:00,-1700.0,MW
XY_CE_to_XY_SO,2040-12-04 13:00:00,-954.4466245530139,MW
XY_CE_to_XY_SO,2040-12-05 14:00:00,-1700.0,MW
XY_CE_to_XY_SO,2040-12-06 15:00:00,-1071.0588872920266,MW
XY_CE_to_XY_SO,2040-12-07 16:00:00,209.56747717339795,MW
XY_CE_to_XY_SO,2040-12-08 17:00:00,-358.17917842692077,MW
XY_CE_to_XY_SO,2040-12-09 18:00:00,-729.5237004314008,MW
XY_CE_to_XY_SO,2040-12-10 19:00:00,-1634.1730114176503,MW
XY_CE_to_XY_SO,2040-12-11 20:00:00,-767.6560883836572,MW
XY_CE_to_XY_SO,2040-12-12 21:00:00,-1496.5506454815275,MW
XY_CE_to_XY_SO,2040-12-13 22:00:00,-639.5781529286124,MW
XY_CE_to_XY_SO,2040-12-14 23:00:00,-458.8453823236382,MW
XY_CE_to_XY_SO,2040-12-16 00:00:00,-312.22432969206784,MW
XY_CE_to_XY_SO,2040-12-17 01:00:00,-5.003277060498249,MW
XY_CE_to_XY_SO,2040-12-18 02:00:00,275.9019860974022,MW
XY_CE_to_XY_SO,2040-12-19 03:00:00,497.1230883816222,MW
XY_CE_to_XY_SO,2040-12-20 04:00:00,641.1811320754015,MW
XY_CE_to_XY_SO,2040-12-21 05:00:00,851.7050148956312,MW
XY_CE_to_XY_SO,2040-12-22 06:00:00,821.0022343596518,MW
XY_CE_to_XY_SO,2040-12-23 07:00:00,475.2107492552532,MW
XY_CE_to_XY_SO,2040-12-24 08:00:00,184.01280117662657,MW
XY_CE_to_XY_SO,2040-12-25 09:00:00,-204.40774608331674,MW
XY_CE_to_XY_SO,2040-12-26 10:00:00,371.80575360504406,MW
XY_CE_to_XY_SO,2040-12-27 11:00:00,-443.63719704657046,MW
XY_CE_to_XY_SO,2040-12-28 12:00:00,-607.7288370667529,MW
XY_CE_to_XY_SO,2040-12-29 13:00:00,-1287.1659321104335,MW
XY_CE_to_XY_SO,2040-12-30 14:00:00,-1700.0,MW
XY_CE_to_XY_SO,2040-12-31 15:00:00,-161.9266628609587,MW
YZ_CE_to_YZ_NR,2040-01-01 00:00:00,3100.0,MW
YZ_CE_to_YZ_NR,2040-01-02 01:00:00,1190.507231484933,MW
YZ_CE_to_YZ_NR,2040-01-03 02:00:00,-771.6723047603778,MW
YZ_CE_to_YZ_NR,2040-01-04 03:00:00,594.8514840157605,MW
YZ_CE_to_YZ_NR,2040-01-05 04:00:00,1890.8757420080706,MW
YZ_CE_to_YZ_NR,2040-01-06 05:00:00,3100.0,MW
YZ_CE_to_YZ_NR,2040-01-07 06:00:00,2471.8745109544307,MW
YZ_CE_to_YZ_NR,2040-01-08 07:00:00,1964.2369469200594,MW
YZ_CE_to_YZ_NR,2040-01-09 08:00:00,915.0763969737978,MW
YZ_CE_to_YZ_NR,2040-01-10 09:00:00,-468.0716872045757,MW
YZ_CE_to_YZ_NR,2040-01-11 10:00:00,-2143.6904136329745,MW
YZ_CE_to_YZ_NR,2040-01-12 11:00:00,2434.169504086065,MW
YZ_CE_to_YZ_NR,2040-01-13 12:00:00,3100.0,MW
YZ_CE_to_YZ_NR,2040-01-14 13:00:00,1211.3582727216456,MW
YZ_CE_to_YZ_NR,2040-01-15 14:00:00,2535.3897621938986,MW
YZ_CE_to_YZ_NR,2040-01-16 15:00:00,546.1441237457467,MW
YZ_CE_to_YZ_NR,2040-01-17 16:00:00,2631.2304445227883,MW
YZ_CE_to_YZ_NR,2040-01-18 17:00:00,801.7155497432628,MW
YZ_CE_to_YZ_NR,2040-01-19 18:00:00,-2530.166155640245,MW
YZ_CE_to_YZ_NR,2040-01-20 19:00:00,-1328.2997138832757,MW
YZ_CE_to_YZ_NR,2040-01-21 20:00:00,708.8146215598255,MW
YZ_CE_to_YZ_NR,2040-01-22 21:00:00,123.63164805844303,MW
YZ_CE_to_YZ_NR,2040-01-23 22:00:00,2710.0562937837035,MW
YZ_CE_to_YZ_NR,2040-01-24 23:00:00,2957.415905411344,MW
YZ_CE_to_YZ_NR,2040-01-26 00:00:00,3100.0,MW
YZ_CE_to_YZ_NR,2040-01-27 01:00:00,3100.0,MW
YZ_CE_to_YZ_NR,2040-01-28 02:00:00,2959.623153203424,MW
YZ_CE_to_YZ_NR,2040-01-29 03:00:00,-802.3059633718071,MW
YZ_CE_to_YZ_NR,2040-01-30 04:00:00,325.3255261045449,MW
YZ_CE_to_YZ_NR,2040-01-31 05:00:00,69.09757215591503,MW
YZ_CE_to_YZ_NR,2040-02-01 06:00:00,1456.3044866105938,MW
YZ_CE_to_YZ_NR,2040-02-02 07:00:00,-263.68105040896944,MW
YZ_CE_to_YZ_NR,2040-02-03 08:00:00,-559.7877948361856,MW
YZ_CE_to_YZ_NR,2040-02-04 09:00:00,901.0297895562994,MW
YZ_CE_to_YZ_NR,2040-02-05 10:00:00,3100.0,MW
YZ_CE_to_YZ_NR,2040-02-06 11:00:00,-965.1021317396726,MW
YZ_CE_to_YZ_NR,2040-02-07 12:00:00,-528.6325924131938,MW
YZ_CE_to_YZ_NR,2040-02-08 13:00:00,-2032.6274346678701,MW
YZ_CE_to_YZ_NR,2040-02-09 14:00:00,1938.9155497432532,MW
YZ_CE_to_YZ_NR,2040-02-10 15:00:00,3100.0,MW
YZ_CE_to_YZ_NR,2040-02-11 16:00:00,1740.4193813899087,MW
YZ_CE_to_YZ_NR,2040-02-12 17:00:00,1379.9155497430527,MW
YZ_CE_to_YZ_NR,2040-02-13 18:00:00,-1281.9668106036634,MW
YZ_CE_to_YZ_NR,2040-02-14 19:00:00,-3100.0,MW
YZ_CE_to_YZ_NR,2040-02-15 20:00:00,-1280.0597349609948,MW
YZ_CE_to_YZ_NR,2040-02-16 21:00:00,739.2100181757238,MW
YZ_CE_to_YZ_NR,2040-02-17 22:00:00,-2400.793840329292,MW
YZ_CE_to_YZ_NR,2040-02-18 23:00:00,-384.85085592047176,MW
YZ_CE_to_YZ_NR,2040-02-20 00:00:00,-1609.7689423311253,MW
YZ_CE_to_YZ_NR,2040-02-21 01:00:00,225.6702104421405,MW
YZ_CE_to_YZ_NR,2040-02-22 02:00:00,3100.0,MW
YZ_CE_to_YZ_NR,2040-02-23 03:00:00,3100.0,MW
YZ_CE_to_YZ_NR,2040-02-24 04:00:00,662.4670337494238,MW
YZ_CE_to_YZ_NR,2040-02-25 05:00:00,1948.8159578146278,MW
YZ_CE_to_YZ_NR,2040-02-26 06:00:00,1265.7246583485316,MW
YZ_CE_to_YZ_NR,2040-02-27 07:00:00,1632.9929916701255,MW
YZ_CE_to_YZ_NR,2040-02-28 08:00:00,-2344.692113554649,MW
YZ_CE_to_YZ_NR,2040-02-29 09:00:00,908.3878919118556,MW
YZ_CE_to_YZ_NR,2040-03-01 10:00:00,2718.0620856615824,MW
YZ_CE_to_YZ_NR,2040-03-02 11:00:00,3100.0,MW
YZ_CE_to_YZ_NR,2040-03-03 12:00:00,1583.2224214865432,MW
YZ_CE_to_YZ_NR,2040-03-04 13:00:00,683.6694787125535,MW
YZ_CE_to_YZ_NR,2040-03-05 14:00:00,1859.7862173477365,MW
YZ_CE_to_YZ_NR,2040-03-06 15:00:00,1182.4660909203383,MW
YZ_CE_to_YZ_NR,2040-03-07 16:00:00,2735.566378795564,MW
YZ_CE_to_YZ_NR,2040-03-08 17:00:00,-861.5640837368423,MW
YZ_CE_to_YZ_NR,2040-03-09 18:00:00,-2898.5653985537147,MW
YZ_CE_to_YZ_NR,2040-03-10 19:00:00,750.4354451684309,MW
YZ_CE_to_YZ_NR,2040-03-11 20:00:00,-1212.9253029455863,MW
YZ_CE_to_YZ_NR,2040-03-12 21:00:00,-545.0195392497153,MW
YZ_CE_to_YZ_NR,2040-03-13 22:00:00,2145.7821606695697,MW
YZ_CE_to_YZ_NR,2040-03-14 23:00:00,3100.0,MW
YZ_CE_to_YZ_NR,2040-03-16 00:00:00,3100.0,MW
YZ_CE_to_YZ_NR,2040-03-17 01:00:00,1293.6965730602083,MW
YZ_CE_to_YZ_NR,2040-03-18 02:00:00,2333.763706134304,MW
YZ_CE_to_YZ_NR,2040-03-19 03:00:00,-1747.0121798167293,MW
YZ_CE_to_YZ_NR,2040-03-20 04:00:00,-2523.063984651569,MW
YZ_CE_to_YZ_NR,2040-03-21 05:00:00,-571.7363660795443,MW
YZ_CE_to_YZ_NR,2040-03-22 06:00:00,2213.6657058142473,MW
YZ_CE_to_YZ_NR,2040-03-23 07:00:00,1124.2662502850706,MW
YZ_CE_to_YZ_NR,2040-03-24 08:00:00,1000.5367331706583,MW
YZ_CE_to_YZ_NR,2040-03-25 09:00:00,769.3504440756328,MW
YZ_CE_to_YZ_NR,2040-03-26 10:00:00,-1904.8070033154352,MW
YZ_CE_to_YZ_NR,2040-03-27 11:00:00,-677.2793454865384,MW
YZ_CE_to_YZ_NR,2040-03-28 12:00:00,-194.2054745576836,MW
YZ_CE_to_YZ_NR,2040-03-29 13:00:00,-1194.5591473070522,MW
YZ_CE_to_YZ_NR,2040-03-30 14:00:00,3100.0,MW
YZ_CE_to_YZ_NR,2040-03-31 15:00:00,3100.0,MW
YZ_CE_to_YZ_NR,2040-04-01 16:00:00,2495.440934565024,MW
YZ_CE_to_YZ_NR,2040-04-02 17:00:00,2201.969922569695,MW
YZ_CE_to_YZ_NR,2040-04-03 18:00:00,-1242.3755188486398,MW
YZ_CE_to_YZ_NR,2040-04-04 19:00:00,2450.439134344095,MW
YZ_CE_to_YZ_NR,2040-04-05 20:00:00,-2690.344428287447,MW
YZ_CE_to_YZ_NR,2040-04-06 21:00:00,-82.82241413758288,MW
YZ_CE_to_YZ_NR,2040-04-07 22:00:00,-40.25390361513678,MW
YZ_CE_to_YZ_NR,2040-04-08 23:00:00,-1364.3806784432381,MW
YZ_CE_to_YZ_NR,2040-04-10 00:00:00,1458.306474777912,MW
YZ_CE_to_YZ_NR,2040-04-11 01:00:00,-221.9936893315862,MW
YZ_CE_to_YZ_NR,2040-04-12 02:00:00,2113.433920137164,MW
YZ_CE_to_YZ_NR,2040-04-13 03:00:00,3100.0,MW
YZ_CE_to_YZ_NR,2040-04-14 04:00:00,-1215.3041108311381,MW
YZ_CE_to_YZ_NR,2040-04-15 05:00:00,-2326.648381888674,MW
YZ_CE_to_YZ_NR,2040-04-16 06:00:00,-1626.8512401307394,MW
YZ_CE_to_YZ_NR,2040-04-17 07:00:00,-2908.4802290617345,MW
YZ_CE_to_YZ_NR,2040-04-18 08:00:00,427.77168675947314,MW
YZ_CE_to_YZ_NR,2040-04-19 09:00:00,3100.0,MW
YZ_CE_to_YZ_NR,2040-04-20 10:00:00,2481.199327023155,MW
YZ_CE_to_YZ_NR,2040-04-21 11:00:00,622.7571595175327,MW
YZ_CE_to_YZ_NR,2040-04-22 12:00:00,-1034.088938467512,MW
YZ_CE_to_YZ_NR,2040-04-23 13:00:00,191.1903489125682,MW
YZ_CE_to_YZ_NR,2040-04-24 14:00:00,-131.13713364387218,MW
YZ_CE_to_YZ_NR,2040-04-25 15:00:00,3100.0,MW
YZ_CE_to_YZ_NR,2040-04-26 16:00:00,-1710.7695554764118,MW
YZ_CE_to_YZ_NR,2040-04-27 17:00:00,-2586.445850261305,MW
YZ_CE_to_YZ_NR,2040-04-28 18:00:00,-3100.0,MW
YZ_CE_to_YZ_NR,2040-04-29 19:00:00,-332.97891869059686,MW
YZ_CE_to_YZ_NR,2040-04-30 20:00:00,-3100.0,MW
YZ_CE_to_YZ_NR,2040-05-01 21:00:00,-2331.7678555594193,MW
YZ_CE_to_YZ_NR,2040-05-02 22:00:00,-2305.556035350499,MW
YZ_CE_to_YZ_NR,2040-05-03 23:00:00,-1353.1151826517491,MW
YZ_CE_to_YZ_NR,2040-05-05 00:00:00,-2919.093813472122,MW
YZ_CE_to_YZ_NR,2040-05-06 01:00:00,-2002.831219953724,MW
YZ_CE_to_YZ_NR,2040-05-07 02:00:00,-2119.333423510031,MW
YZ_CE_to_YZ_NR,2040-05-08 03:00:00,-180.97617975175535,MW
YZ_CE_to_YZ_NR,2040-05-09 04:00:00,-845.9911795999435,MW
YZ_CE_to_YZ_NR,2040-05-10 05:00:00,120.83214444160069,MW
YZ_CE_to_YZ_NR,2040-05-11 06:00:00,951.589963809888,MW
YZ_CE_to_YZ_NR,2040-05-12 07:00:00,1405.2720542960878,MW
YZ_CE_to_YZ_NR,2040-05-13 08:00:00,456.3564024328032,MW
YZ_CE_to_YZ_NR,2040-05-14 09:00:00,-277.82356237790214,MW
YZ_CE_to_YZ_NR,2040-05-15 10:00:00,1107.1740315916516,MW
YZ_CE_to_YZ_NR,2040-05-16 11:00:00,1153.048073680137,MW
YZ_CE_to_YZ_NR,2040-05-17 12:00:00,-1598.55679242605,MW
YZ_CE_to_YZ_NR,2040-05-18 13:00:00,1111.163857221345,MW
YZ_CE_to_YZ_NR,2040-05-19 14:00:00,1171.6591473084413,MW
YZ_CE_to_YZ_NR,2040-05-20 15:00:00,1988.650581823622,MW
YZ_CE_to_YZ_NR,2040-05-21 16:00:00,2049.5789006781933,MW
YZ_CE_to_YZ_NR,2040-05-22 17:00:00,-1324.0529607803942,MW
YZ_CE_to_YZ_NR,2040-05-23 18:00:00,-1300.958492346232,MW
YZ_CE_to_YZ_NR,2040-05-24 19:00:00,116.72570989247538,MW
YZ_CE_to_YZ_NR,2040-05-25 20:00:00,-2880.5236030261017,MW
YZ_CE_to_YZ_NR,2040-05-26 21:00:00,-709.7825135442686,MW
YZ_CE_to_YZ_NR,2040-05-27 22:00:00,-3100.0,MW
YZ_CE_to_YZ_NR,2040-05-28 23:00:00,-1143.8207142180793,MW
YZ_CE_to_YZ_NR,2040-05-30 00:00:00,-1871.567855559909,MW
YZ_CE_to_YZ_NR,2040-05-31 01:00:00,-3100.0,MW
YZ_CE_to_YZ_NR,2040-06-01 02:00:00,-1690.5993450363612,MW
YZ_CE_to_YZ_NR,2040-06-02 03:00:00,-1038.95354496739,MW
YZ_CE_to_YZ_NR,2040-06-03 04:00:00,-339.9297187838597,MW
YZ_CE_to_YZ_NR,2040-06-04 05:00:00,-208.7168825700246,MW
YZ_CE_to_YZ_NR,2040-06-05 06:00:00,-582.1927685149665,MW
YZ_CE_to_YZ_NR,2040-06-06 07:00:00,-90.6750870435526,MW
YZ_CE_to_YZ_NR,2040-06-07 08:00:00,910.5490590122051,MW
YZ_CE_to_YZ_NR,2040-06-08 09:00:00,-566.2242579915389,MW
YZ_CE_to_YZ_NR,2040-06-09 10:00:00,-2715.079029264645,MW
YZ_CE_to_YZ_NR,2040-06-10 11:00:00,-2362.5271720269716,MW
YZ_CE_to_YZ_NR,2040-06-11 12:00:00,-3098.9790292645753,MW
YZ_CE_to_YZ_NR,2040-06-12 13:00:00,604.3525267600526,MW
YZ_CE_to_YZ_NR,2040-06-13 14:00:00,1161.56580648903,MW
YZ_CE_to_YZ_NR,2040-06-14 15:00:00,2439.490573597108,MW
YZ_CE_to_YZ_NR,2040-06-15 16:00:00,564.7726965831876,MW
YZ_CE_to_YZ_NR,2040-06-16 17:00:00,-2447.4162402851343,MW
YZ_CE_to_YZ_NR,2040-06-17 18:00:00,-206.6532833968522,MW
YZ_CE_to_YZ_NR,2040-06-18 19:00:00,-2659.56382908214,MW
YZ_CE_to_YZ_NR,2040-06-19 20:00:00,-3004.438497813747,MW
YZ_CE_to_YZ_NR,2040-06-20 21:00:00,-1862.7166457100018,MW
YZ_CE_to_YZ_NR,2040-06-21 22:00:00,181.556402433813,MW
YZ_CE_to_YZ_NR,2040-06-22 23:00:00,-2835.6716872047746,MW
YZ_CE_to_YZ_NR,2040-06-24 00:00:00,-2203.68340530169,MW
YZ_CE_to_YZ_NR,2040-06-25 01:00:00,-3100.0,MW
YZ_CE_to_YZ_NR,2040-06-26 02:00:00,-1514.259021896305,MW
YZ_CE_to_YZ_NR,2040-06-27 03:00:00,-1601.4590218958149,MW
YZ_CE_to_YZ_NR,2040-06-28 04:00:00,-1928.347429213824,MW
YZ_CE_to_YZ_NR,2040-06-29 05:00:00,-2164.918431230943,MW
YZ_CE_to_YZ_NR,2040-06-30 06:00:00,-2851.2055054720336,MW
YZ_CE_to_YZ_NR,2040-07-01 07:00:00,-2706.4529607783743,MW
YZ_CE_to_YZ_NR,2040-07-02 08:00:00,-1982.7380660006595,MW
YZ_CE_to_YZ_NR,2040-07-03 09:00:00,-1580.536370435536,MW
YZ_CE_to_YZ_NR,2040-07-04 10:00:00,-310.5491291323374,MW
YZ_CE_to_YZ_NR,2040-07-05 11:00:00,1166.4729971330207,MW
YZ_CE_to_YZ_NR,2040-07-06 12:00:00,2766.7895918313375,MW
YZ_CE_to_YZ_NR,2040-07-07 13:00:00,656.639747904617,MW
YZ_CE_to_YZ_NR,2040-07-08 14:00:00,2739.0971952972823,MW
YZ_CE_to_YZ_NR,2040-07-09 15:00:00,-15.399345037481453,MW
YZ_CE_to_YZ_NR,2040-07-10 16:00:00,1341.7734039119905,MW
YZ_CE_to_YZ_NR,2040-07-11 17:00:00,-848.714239820617,MW
YZ_CE_to_YZ_NR,2040-07-12 18:00:00,-617.8898537901955,MW
YZ_CE_to_YZ_NR,2040-07-13 19:00:00,-2936.541769611824,MW
YZ_CE_to_YZ_NR,2040-07-14 20:00:00,-3100.0,MW
YZ_CE_to_YZ_NR,2040-07-15 21:00:00,-2633.2955133912164,MW
YZ_CE_to_YZ_NR,2040-07-16 22:00:00,-2999.9270028669694,MW
YZ_CE_to_YZ_NR,2040-07-17 23:00:00,-3100.0,MW
YZ_CE_to_YZ_NR,2040-07-19 00:00:00,-1297.0337665080879,MW
YZ_CE_to_YZ_NR,2040-07-20 01:00:00,-3100.0,MW
YZ_CE_to_YZ_NR,2040-07-21 02:00:00,-3100.0,MW
YZ_CE_to_YZ_NR,2040-07-22 03:00:00,-2775.274042089087,MW
YZ_CE_to_YZ_NR,2040-07-23 04:00:00,-2459.0325344343,MW
YZ_CE_to_YZ_NR,2040-07-24 05:00:00,-1819.252960780164,MW
YZ_CE_to_YZ_NR,2040-07-25 06:00:00,-1109.391404686634,MW
YZ_CE_to_YZ_NR,2040-07-26 07:00:00,1020.6588112190113,MW
YZ_CE_to_YZ_NR,2040-07-27 08:00:00,-1848.1837413920412,MW
YZ_CE_to_YZ_NR,2040-07-28 09:00:00,-1226.6121080884448,MW
YZ_CE_to_YZ_NR,2040-07-29 10:00:00,-2922.748998998367,MW
YZ_CE_to_YZ_NR,2040-07-30 11:00:00,-1473.8010449557648,MW
YZ_CE_to_YZ_NR,2040-07-31 12:00:00,-314.6970074579033,MW
YZ_CE_to_YZ_NR,2040-08-01 13:00:00,-2105.8640239118727,MW
YZ_CE_to_YZ_NR,2040-08-02 14:00:00,-272.7038316467647,MW
YZ_CE_to_YZ_NR,2040-08-03 15:00:00,1699.9016999196722,MW
YZ_CE_to_YZ_NR,2040-08-04 16:00:00,-1221.565562812964,MW
YZ_CE_to_YZ_NR,2040-08-05 17:00:00,-342.4861501772298,MW
YZ_CE_to_YZ_NR,2040-08-06 18:00:00,-543.2977974029252,MW
YZ_CE_to_YZ_NR,2040-08-07 19:00:00,-2300.0529607791946,MW
YZ_CE_to_YZ_NR,2040-08-08 20:00:00,-1757.6827503382638,MW
YZ_CE_to_YZ_NR,2040-08-09 21:00:00,-3100.0,MW
YZ_CE_to_YZ_NR,2040-08-10 22:00:00,-2586.6104081688613,MW
YZ_CE_to_YZ_NR,2040-08-11 23:00:00,-673.8768565898433,MW
YZ_CE_to_YZ_NR,2040-08-13 00:00:00,931.789591832449,MW
YZ_CE_to_YZ_NR,2040-08-14 01:00:00,460.39895504535536,MW
YZ_CE_to_YZ_NR,2040-08-15 02:00:00,-386.2121080884249,MW
YZ_CE_to_YZ_NR,2040-08-16 03:00:00,955.6165946982289,MW
YZ_CE_to_YZ_NR,2040-08-17 04:00:00,-1395.4750870435323,MW
YZ_CE_to_YZ_NR,2040-08-18 05:00:00,63.59895504426481,MW
YZ_CE_to_YZ_NR,2040-08-19 06:00:00,-1012.8927606219738,MW
YZ_CE_to_YZ_NR,2040-08-20 07:00:00,-1097.2640239136517,MW
YZ_CE_to_YZ_NR,2040-08-21 08:00:00,-1425.11956003028,MW
YZ_CE_to_YZ_NR,2040-08-22 09:00:00,-2370.0140284647623,MW
YZ_CE_to_YZ_NR,2040-08-23 10:00:00,-2405.7474292128545,MW
YZ_CE_to_YZ_NR,2040-08-24 11:00:00,-2548.8325344343198,MW
YZ_CE_to_YZ_NR,2040-08-25 12:00:00,-2493.7380660016593,MW
YZ_CE_to_YZ_NR,2040-08-26 13:00:00,-2531.549129131537,MW
YZ_CE_to_YZ_NR,2040-08-27 14:00:00,-2321.6940803589346,MW
YZ_CE_to_YZ_NR,2040-08-28 15:00:00,-2100.0,MW
YZ_CE_to_YZ_NR,2040-08-29 16:00:00,-1815.8425526107321,MW
YZ_CE_to_YZ_NR,2040-08-30 17:00:00,-1008.3695554774117,MW
YZ_CE_to_YZ_NR,2040-08-31 18:00:00,972.3564024338029,MW
YZ_CE_to_YZ_NR,2040-09-01 19:00:00,-677.8955133898264,MW
YZ_CE_to_YZ_NR,2040-09-02 20:00:00,-249.13599410234178,MW
YZ_CE_to_YZ_NR,2040-09-03 21:00:00,-1692.9866699622917,MW
YZ_CE_to_YZ_NR,2040-09-04 22:00:00,-1331.4402857085024,MW
YZ_CE_to_YZ_NR,2040-09-05 23:00:00,236.5061865283784,MW
YZ_CE_to_YZ_NR,2040-09-07 00:00:00,101.40907534098096,MW
YZ_CE_to_YZ_NR,2040-09-08 01:00:00,-1747.61258118409,MW
YZ_CE_to_YZ_NR,2040-09-09 02:00:00,-1242.3471859387303,MW
YZ_CE_to_YZ_NR,2040-09-10 03:00:00,-945.3661556414249,MW
YZ_CE_to_YZ_NR,2040-09-11 04:00:00,-2094.9912614939303,MW
YZ_CE_to_YZ_NR,2040-09-12 05:00:00,-2100.0,MW
YZ_CE_to_YZ_NR,2040-09-13 06:00:00,-1830.939345675602,MW
YZ_CE_to_YZ_NR,2040-09-14 07:00:00,-2398.007126509185,MW
YZ_CE_to_YZ_NR,2040-09-15 08:00:00,-2580.073387123737,MW
YZ_CE_to_YZ_NR,2040-09-16 09:00:00,626.821081308693,MW
YZ_CE_to_YZ_NR,2040-09-17 10:00:00,-13.218294187895822,MW
YZ_CE_to_YZ_NR,2040-09-18 11:00:00,-2375.2553036648505,MW
YZ_CE_to_YZ_NR,2040-09-19 12:00:00,728.2533278736759,MW
YZ_CE_to_YZ_NR,2040-09-20 13:00:00,2867.73577660701,MW
YZ_CE_to_YZ_NR,2040-09-21 14:00:00,1489.9340613920906,MW
YZ_CE_to_YZ_NR,2040-09-22 15:00:00,1855.2924806409417,MW
YZ_CE_to_YZ_NR,2040-09-23 16:00:00,2532.9567744128362,MW
YZ_CE_to_YZ_NR,2040-09-24 17:00:00,1125.3307567233362,MW
YZ_CE_to_YZ_NR,2040-09-25 18:00:00,-872.5462685072225,MW
YZ_CE_to_YZ_NR,2040-09-26 19:00:00,-441.4066363541515,MW
YZ_CE_to_YZ_NR,2040-09-27 20:00:00,-1565.685276406848,MW
YZ_CE_to_YZ_NR,2040-09-28 21:00:00,-1951.00357102584,MW
YZ_CE_to_YZ_NR,2040-09-29 22:00:00,-2246.7270551555102,MW
YZ_CE_to_YZ_NR,2040-09-30 23:00:00,-3100.0,MW
YZ_CE_to_YZ_NR,2040-10-02 00:00:00,-3100.0,MW
YZ_CE_to_YZ_NR,2040-10-03 01:00:00,-1578.2002574762905,MW
YZ_CE_to_YZ_NR,2040-10-04 02:00:00,1548.3588898317691,MW
YZ_CE_to_YZ_NR,2040-10-05 03:00:00,1365.5694484051296,MW
YZ_CE_to_YZ_NR,2040-10-06 04:00:00,1202.3266128747528,MW
YZ_CE_to_YZ_NR,2040-10-07 05:00:00,184.94680738068496,MW
YZ_CE_to_YZ_NR,2040-10-08 06:00:00,-1967.1363660793547,MW
YZ_CE_to_YZ_NR,2040-10-09 07:00:00,-1045.340852691539,MW
YZ_CE_to_YZ_NR,2040-10-10 08:00:00,-1495.4104081689518,MW
YZ_CE_to_YZ_NR,2040-10-11 09:00:00,442.8951233976891,MW
YZ_CE_to_YZ_NR,2040-10-12 10:00:00,3100.0,MW
YZ_CE_to_YZ_NR,2040-10-13 11:00:00,3100.0,MW
YZ_CE_to_YZ_NR,2040-10-14 12:00:00,667.2304445215884,MW
YZ_CE_to_YZ_NR,2040-10-15 13:00:00,674.5138498212705,MW
YZ_CE_to_YZ_NR,2040-10-16 14:00:00,653.5768287793758,MW
YZ_CE_to_YZ_NR,2040-10-17 15:00:00,-172.04007377876428,MW
YZ_CE_to_YZ_NR,2040-10-18 16:00:00,-828.8709120826945,MW
YZ_CE_to_YZ_NR,2040-10-19 17:00:00,2009.719724703911,MW
YZ_CE_to_YZ_NR,2040-10-20 18:00:00,-506.82323104114926,MW
YZ_CE_to_YZ_NR,2040-10-21 19:00:00,-1970.7370210548124,MW
YZ_CE_to_YZ_NR,2040-10-22 20:00:00,-3100.0,MW
YZ_CE_to_YZ_NR,2040-10-23 21:00:00,-3100.0,MW
YZ_CE_to_YZ_NR,2040-10-24 22:00:00,1176.4508506516768,MW
YZ_CE_to_YZ_NR,2040-10-25 23:00:00,-858.967855559109,MW
YZ_CE_to_YZ_NR,2040-10-27 00:00:00,-2161.073387123947,MW
YZ_CE_to_YZ_NR,2040-10-28 01:00:00,-2334.1041195222615,MW
YZ_CE_to_YZ_NR,2040-10-29 02:00:00,-2723.322558073536,MW
YZ_CE_to_YZ_NR,2040-10-30 03:00:00,-3100.0,MW
YZ_CE_to_YZ_NR,2040-10-31 04:00:00,369.769165485995,MW
YZ_CE_to_YZ_NR,2040-11-01 05:00:00,-700.8291345895227,MW
YZ_CE_to_YZ_NR,2040-11-02 06:00:00,1288.739621076022,MW
YZ_CE_to_YZ_NR,2040-11-03 07:00:00,3100.0,MW
YZ_CE_to_YZ_NR,2040-11-04 08:00:00,1206.3273699624935,MW
YZ_CE_to_YZ_NR,2040-11-05 09:00:00,757.2814387347863,MW
YZ_CE_to_YZ_NR,2040-11-06 10:00:00,371.7326264580538,MW
YZ_CE_to_YZ_NR,2040-11-07 11:00:00,-2185.04694719337,MW
YZ_CE_to_YZ_NR,2040-11-08 12:00:00,1619.4568844489866,MW
YZ_CE_to_YZ_NR,2040-11-09 13:00:00,-704.1099261562783,MW
YZ_CE_to_YZ_NR,2040-11-10 14:00:00,2500.8525707869458,MW
YZ_CE_to_YZ_NR,2040-11-11 15:00:00,-1296.0355056028086,MW
YZ_CE_to_YZ_NR,2040-11-12 16:00:00,2448.175202962927,MW
YZ_CE_to_YZ_NR,2040-11-13 17:00:00,-526.6341602545581,MW
YZ_CE_to_YZ_NR,2040-11-14 18:00:00,-2175.133872379341,MW
YZ_CE_to_YZ_NR,2040-11-15 19:00:00,982.4773346875099,MW
YZ_CE_to_YZ_NR,2040-11-16 20:00:00,-1663.7875248230716,MW
YZ_CE_to_YZ_NR,2040-11-17 21:00:00,-2238.205367977387,MW
YZ_CE_to_YZ_NR,2040-11-18 22:00:00,-106.62323104048028,MW
YZ_CE_to_YZ_NR,2040-11-19 23:00:00,-793.3543076885974,MW
YZ_CE_to_YZ_NR,2040-11-21 00:00:00,722.600669671791,MW
YZ_CE_to_YZ_NR,2040-11-22 01:00:00,-453.9583435059651,MW
YZ_CE_to_YZ_NR,2040-11-23 02:00:00,-1298.0655749900782,MW
YZ_CE_to_YZ_NR,2040-11-24 03:00:00,837.2746970516337,MW
YZ_CE_to_YZ_NR,2040-11-25 04:00:00,-883.9430010497042,MW
YZ_CE_to_YZ_NR,2040-11-26 05:00:00,1532.296310603862,MW
YZ_CE_to_YZ_NR,2040-11-27 06:00:00,453.43462909712116,MW
YZ_CE_to_YZ_NR,2040-11-28 07:00:00,-820.5702294852945,MW
YZ_CE_to_YZ_NR,2040-11-29 08:00:00,2676.232738152685,MW
YZ_CE_to_YZ_NR,2040-11-30 09:00:00,949.2273125027176,MW
YZ_CE_to_YZ_NR,2040-12-01 10:00:00,-1261.8055037368085,MW
YZ_CE_to_YZ_NR,2040-12-02 11:00:00,-569.1031766809172,MW
YZ_CE_to_YZ_NR,2040-12-03 12:00:00,3100.0,MW
YZ_CE_to_YZ_NR,2040-12-04 13:00:00,2725.16746556598,MW
YZ_CE_to_YZ_NR,2040-12-05 14:00:00,-143.13532112531948,MW
YZ_CE_to_YZ_NR,2040-12-06 15:00:00,-902.0668106027722,MW
YZ_CE_to_YZ_NR,2040-12-07 16:00:00,3100.0,MW
YZ_CE_to_YZ_NR,2040-12-08 17:00:00,3100.0,MW
YZ_CE_to_YZ_NR,2040-12-09 18:00:00,868.1514713046223,MW
YZ_CE_to_YZ_NR,2040-12-10 19:00:00,-1456.7063814403728,MW
YZ_CE_to_YZ_NR,2040-12-11 20:00:00,-1540.6522011898608,MW
YZ_CE_to_YZ_NR,2040-12-12 21:00:00,-1967.696577062254,MW
YZ_CE_to_YZ_NR,2040-12-13 22:00:00,1778.599715341382,MW
YZ_CE_to_YZ_NR,2040-12-14 23:00:00,1256.3643695147614,MW
YZ_CE_to_YZ_NR,2040-12-16 00:00:00,-3100.0,MW
YZ_CE_to_YZ_NR,2040-12-17 01:00:00,-1493.0127630454635,MW
YZ_CE_to_YZ_NR,2040-12-18 02:00:00,-1434.0885050570328,MW
YZ_CE_to_YZ_NR,2040-12-19 03:00:00,-1737.3283059141881,MW
YZ_CE_to_YZ_NR,2040-12-20 04:00:00,21.807630718998894,MW
YZ_CE_to_YZ_NR,2040-12-21 05:00:00,-650.8069892801875,MW
YZ_CE_to_YZ_NR,2040-12-22 06:00:00,2415.596401461807,MW
YZ_CE_to_YZ_NR,2040-12-23 07:00:00,-2741.4782778464414,MW
YZ_CE_to_YZ_NR,2040-12-24 08:00:00,-95.09593824367016,MW
YZ_CE_to_YZ_NR,2040-12-25 09:00:00,2891.3670407102363,MW
YZ_CE_to_YZ_NR,2040-12-26 10:00:00,25.28973607844523,MW
YZ_CE_to_YZ_NR,2040-12-27 11:00:00,-2843.9346661646923,MW
YZ_CE_to_YZ_NR,2040-12-28 12:00:00,-203.9584923455327,MW
YZ_CE_to_YZ_NR,2040-12-29 13:00:00,1663.9487372730732,MW
YZ_CE_to_YZ_NR,2040-12-30 14:00:00,-1159.5973656223746,MW
YZ_CE_to_YZ_NR,2040-12-31 15:00:00,2284.608318257032,MW
YZ_CE_to_YZ_SO,2040-01-01 00:00:00,1300.0,MW
YZ_CE_to_YZ_SO,2040-01-02 01:00:00,719.6273220088058,MW
YZ_CE_to_YZ_SO,2040-01-03 02:00:00,149.55419226020052,MW
YZ_CE_to_YZ_SO,2040-01-04 03:00:00,1300.0,MW
YZ_CE_to_YZ_SO,2040-01-05 04:00:00,1300.0,MW
YZ_CE_to_YZ_SO,2040-01-06 05:00:00,1300.0,MW
YZ_CE_to_YZ_SO,2040-01-07 06:00:00,1300.0,MW
YZ_CE_to_YZ_SO,2040-01-08 07:00:00,1300.0,MW
YZ_CE_to_YZ_SO,2040-01-09 08:00:00,607.5216579860601,MW
YZ_CE_to_YZ_SO,2040-01-10 09:00:00,-250.51749502997865,MW
YZ_CE_to_YZ_SO,2040-01-11 10:00:00,-1300.0,MW
YZ_CE_to_YZ_SO,2040-01-12 11:00:00,-197.07000526098466,MW
YZ_CE_to_YZ_SO,2040-01-13 12:00:00,91.33722697003157,MW
YZ_CE_to_YZ_SO,2040-01-14 13:00:00,-1300.0,MW
YZ_CE_to_YZ_SO,2040-01-15 14:00:00,-1300.0,MW
YZ_CE_to_YZ_SO,2040-01-16 15:00:00,-819.7242083928847,MW
YZ_CE_to_YZ_SO,2040-01-17 16:00:00,-476.78297779637694,MW
YZ_CE_to_YZ_SO,2040-01-18 17:00:00,-34.673676848567084,MW
YZ_CE_to_YZ_SO,2040-01-19 18:00:00,1300.0,MW
YZ_CE_to_YZ_SO,2040-01-20 19:00:00,232.0641289240259,MW
YZ_CE_to_YZ_SO,2040-01-21 20:00:00,-63.34809313054399,MW
YZ_CE_to_YZ_SO,2040-01-22 21:00:00,-701.9803644546936,MW
YZ_CE_to_YZ_SO,2040-01-23 22:00:00,628.0784984663158,MW
YZ_CE_to_YZ_SO,2040-01-24 23:00:00,1300.0,MW
YZ_CE_to_YZ_SO,2040-01-26 00:00:00,1300.0,MW
YZ_CE_to_YZ_SO,2040-01-27 01:00:00,1300.0,MW
YZ_CE_to_YZ_SO,2040-01-28 02:00:00,1300.0,MW
YZ_CE_to_YZ_SO,2040-01-29 03:00:00,683.8720588509407,MW
YZ_CE_to_YZ_SO,2040-01-30 04:00:00,609.0254519712757,MW
YZ_CE_to_YZ_SO,2040-01-31 05:00:00,1300.0,MW
YZ_CE_to_YZ_SO,2040-02-01 06:00:00,1300.0,MW
YZ_CE_to_YZ_SO,2040-02-02 07:00:00,1300.0,MW
YZ_CE_to_YZ_SO,2040-02-03 08:00:00,-702.1377990253017,MW
YZ_CE_to_YZ_SO,2040-02-04 09:00:00,905.6069644200671,MW
YZ_CE_to_YZ_SO,2040-02-05 10:00:00,-510.881315836222,MW
YZ_CE_to_YZ_SO,2040-02-06 11:00:00,-1016.9169418219851,MW
YZ_CE_to_YZ_SO,2040-02-07 12:00:00,-1300.0,MW
YZ_CE_to_YZ_SO,2040-02-08 13:00:00,-1300.0,MW
YZ_CE_to_YZ_SO,2040-02-09 14:00:00,-700.7222685742274,MW
YZ_CE_to_YZ_SO,2040-02-10 15:00:00,-1300.0,MW
YZ_CE_to_YZ_SO,2040-02-11 16:00:00,-1300.0,MW
YZ_CE_to_YZ_SO,2040-02-12 17:00:00,-111.1791039965031,MW
YZ_CE_to_YZ_SO,2040-02-13 18:00:00,1300.0,MW
YZ_CE_to_YZ_SO,2040-02-14 19:00:00,965.0552983455057,MW
YZ_CE_to_YZ_SO,2040-02-15 20:00:00,1300.0,MW
YZ_CE_to_YZ_SO,2040-02-16 21:00:00,814.6309163878492,MW
YZ_CE_to_YZ_SO,2040-02-17 22:00:00,1128.4311652373258,MW
YZ_CE_to_YZ_SO,2040-02-18 23:00:00,1208.7230622154962,MW
YZ_CE_to_YZ_SO,2040-02-20 00:00:00,1300.0,MW
YZ_CE_to_YZ_SO,2040-02-21 01:00:00,853.8123465810502,MW
YZ_CE_to_YZ_SO,2040-02-22 02:00:00,1300.0,MW
YZ_CE_to_YZ_SO,2040-02-23 03:00:00,1146.910533853816,MW
YZ_CE_to_YZ_SO,2040-02-24 04:00:00,-381.5627736698839,MW
YZ_CE_to_YZ_SO,2040-02-25 05:00:00,1300.0,MW
YZ_CE_to_YZ_SO,2040-02-26 06:00:00,1300.0,MW
YZ_CE_to_YZ_SO,2040-02-27 07:00:00,997.1418670977293,MW
YZ_CE_to_YZ_SO,2040-02-28 08:00:00,929.427070551907,MW
YZ_CE_to_YZ_SO,2040-02-29 09:00:00,-1300.0,MW
YZ_CE_to_YZ_SO,2040-03-01 10:00:00,91.64922620925176,MW
YZ_CE_to_YZ_SO,2040-03-02 11:00:00,-1300.0,MW
YZ_CE_to_YZ_SO,2040-03-03 12:00:00,-1300.0,MW
YZ_CE_to_YZ_SO,2040-03-04 13:00:00,-1300.0,MW
YZ_CE_to_YZ_SO,2040-03-05 14:00:00,-787.6313686072151,MW
YZ_CE_to_YZ_SO,2040-03-06 15:00:00,-1300.0,MW
YZ_CE_to_YZ_SO,2040-03-07 16:00:00,-1132.8102380303224,MW
YZ_CE_to_YZ_SO,2040-03-08 17:00:00,-521.9102182059977,MW
YZ_CE_to_YZ_SO,2040-03-09 18:00:00,1300.0,MW
YZ_CE_to_YZ_SO,2040-03-10 19:00:00,-115.30498450489364,MW
YZ_CE_to_YZ_SO,2040-03-11 20:00:00,-1193.5231269022638,MW
YZ_CE_to_YZ_SO,2040-03-12 21:00:00,164.2493780039664,MW
YZ_CE_to_YZ_SO,2040-03-13 22:00:00,1300.0,MW
YZ_CE_to_YZ_SO,2040-03-14 23:00:00,1300.0,MW
YZ_CE_to_YZ_SO,2040-03-16 00:00:00,1243.314678069794,MW
YZ_CE_to_YZ_SO,2040-03-17 01:00:00,-659.431540912044,MW
YZ_CE_to_YZ_SO,2040-03-18 02:00:00,699.5466437122159,MW
YZ_CE_to_YZ_SO,2040-03-19 03:00:00,1300.0,MW
YZ_CE_to_YZ_SO,2040-03-20 04:00:00,1300.0,MW
YZ_CE_to_YZ_SO,2040-03-21 05:00:00,523.8059394604959,MW
YZ_CE_to_YZ_SO,2040-03-22 06:00:00,1300.0,MW
YZ_CE_to_YZ_SO,2040-03-23 07:00:00,501.96183494159436,MW
YZ_CE_to_YZ_SO,2040-03-24 08:00:00,296.6438286082543,MW
YZ_CE_to_YZ_SO,2040-03-25 09:00:00,315.8055056220653,MW
YZ_CE_to_YZ_SO,2040-03-26 10:00:00,-593.9474702358958,MW
YZ_CE_to_YZ_SO,2040-03-27 11:00:00,-1300.0,MW
YZ_CE_to_YZ_SO,2040-03-28 12:00:00,-1300.0,MW
YZ_CE_to_YZ_SO,2040-03-29 13:00:00,-1300.0,MW
YZ_CE_to_YZ_SO,2040-03-30 14:00:00,-1300.0,MW
YZ_CE_to_YZ_SO,2040-03-31 15:00:00,-639.3906945343527,MW
YZ_CE_to_YZ_SO,2040-04-01 16:00:00,-1300.0,MW
YZ_CE_to_YZ_SO,2040-04-02 17:00:00,-776.8591665562572,MW
YZ_CE_to_YZ_SO,2040-04-03 18:00:00,1245.8142876216475,MW
YZ_CE_to_YZ_SO,2040-04-04 19:00:00,1134.84601886667,MW
YZ_CE_to_YZ_SO,2040-04-05 20:00:00,1300.0,MW
YZ_CE_to_YZ_SO,2040-04-06 21:00:00,1300.0,MW
YZ_CE_to_YZ_SO,2040-04-07 22:00:00,1300.0,MW
YZ_CE_to_YZ_SO,2040-04-08 23:00:00,1300.0,MW
YZ_CE_to_YZ_SO,2040-04-10 00:00:00,1300.0,MW
YZ_CE_to_YZ_SO,2040-04-11 01:00:00,1300.0,MW
YZ_CE_to_YZ_SO,2040-04-12 02:00:00,1290.2796937027304,MW
YZ_CE_to_YZ_SO,2040-04-13 03:00:00,360.9543348571451,MW
YZ_CE_to_YZ_SO,2040-04-14 04:00:00,1300.0,MW
YZ_CE_to_YZ_SO,2040-04-15 05:00:00,1300.0,MW
YZ_CE_to_YZ_SO,2040-04-16 06:00:00,1300.0,MW
YZ_CE_to_YZ_SO,2040-04-17 07:00:00,1291.4358708632412,MW
YZ_CE_to_YZ_SO,2040-04-18 08:00:00,1300.0,MW
YZ_CE_to_YZ_SO,2040-04-19 09:00:00,-839.8641189619748,MW
YZ_CE_to_YZ_SO,2040-04-20 10:00:00,-1300.0,MW
YZ_CE_to_YZ_SO,2040-04-21 11:00:00,-1300.0,MW
YZ_CE_to_YZ_SO,2040-04-22 12:00:00,-1300.0,MW
YZ_CE_to_YZ_SO,2040-04-23 13:00:00,-1300.0,MW
YZ_CE_to_YZ_SO,2040-04-24 14:00:00,-1300.0,MW
YZ_CE_to_YZ_SO,2040-04-25 15:00:00,-108.95456281354052,MW
YZ_CE_to_YZ_SO,2040-04-26 16:00:00,144.16163156168398,MW
YZ_CE_to_YZ_SO,2040-04-27 17:00:00,388.7306484066778,MW
YZ_CE_to_YZ_SO,2040-04-28 18:00:00,-289.54109229406345,MW
YZ_CE_to_YZ_SO,2040-04-29 19:00:00,-1294.4896890839561,MW
YZ_CE_to_YZ_SO,2040-04-30 20:00:00,-913.5181419859189,MW
YZ_CE_to_YZ_SO,2040-05-01 21:00:00,-898.5277899298762,MW
YZ_CE_to_YZ_SO,2040-05-02 22:00:00,-443.0638122340541,MW
YZ_CE_to_YZ_SO,2040-05-03 23:00:00,1300.0,MW
YZ_CE_to_YZ_SO,2040-05-05 00:00:00,887.4880537517699,MW
YZ_CE_to_YZ_SO,2040-05-06 01:00:00,1300.0,MW
YZ_CE_to_YZ_SO,2040-05-07 02:00:00,938.3423487307463,MW
YZ_CE_to_YZ_SO,2040-05-08 03:00:00,1300.0,MW
YZ_CE_to_YZ_SO,2040-05-09 04:00:00,1300.0,MW
YZ_CE_to_YZ_SO,2040-05-10 05:00:00,969.1932845643162,MW
YZ_CE_to_YZ_SO,2040-05-11 06:00:00,1281.384984424948,MW
YZ_CE_to_YZ_SO,2040-05-12 07:00:00,1097.5032304397487,MW
YZ_CE_to_YZ_SO,2040-05-13 08:00:00,-849.6176336598056,MW
YZ_CE_to_YZ_SO,2040-05-14 09:00:00,-1300.0,MW
YZ_CE_to_YZ_SO,2040-05-15 10:00:00,203.2571509996577,MW
YZ_CE_to_YZ_SO,2040-05-16 11:00:00,-1300.0,MW
YZ_CE_to_YZ_SO,2040-05-17 12:00:00,-6.950896970018789,MW
YZ_CE_to_YZ_SO,2040-05-18 13:00:00,-1300.0,MW
YZ_CE_to_YZ_SO,2040-05-19 14:00:00,-1300.0,MW
YZ_CE_to_YZ_SO,2040-05-20 15:00:00,-1300.0,MW
YZ_CE_to_YZ_SO,2040-05-21 16:00:00,-725.6803809503095,MW
YZ_CE_to_YZ_SO,2040-05-22 17:00:00,-34.06441476820828,MW
YZ_CE_to_YZ_SO,2040-05-23 18:00:00,-25.209929918167177,MW
YZ_CE_to_YZ_SO,2040-05-24 19:00:00,1300.0,MW
YZ_CE_to_YZ_SO,2040-05-25 20:00:00,1300.0,MW
YZ_CE_to_YZ_SO,2040-05-26 21:00:00,376.7101801329095,MW
YZ_CE_to_YZ_SO,2040-05-27 22:00:00,-152.60709680147397,MW
YZ_CE_to_YZ_SO,2040-05-28 23:00:00,1300.0,MW
YZ_CE_to_YZ_SO,2040-05-30 00:00:00,847.7224725599698,MW
YZ_CE_to_YZ_SO,2040-05-31 01:00:00,748.8167253129459,MW
YZ_CE_to_YZ_SO,2040-06-01 02:00:00,218.80235577076598,MW
YZ_CE_to_YZ_SO,2040-06-02 03:00:00,1300.0,MW
YZ_CE_to_YZ_SO,2040-06-03 04:00:00,322.7616454311682,MW
YZ_CE_to_YZ_SO,2040-06-04 05:00:00,-33.5080649838838,MW
YZ_CE_to_YZ_SO,2040-06-05 06:00:00,1111.4835885303214,MW
YZ_CE_to_YZ_SO,2040-06-06 07:00:00,-1300.0,MW
YZ_CE_to_YZ_SO,2040-06-07 08:00:00,800.6672427511204,MW
YZ_CE_to_YZ_SO,2040-06-08 09:00:00,820.3581011778059,MW
YZ_CE_to_YZ_SO,2040-06-09 10:00:00,-1300.0,MW
YZ_CE_to_YZ_SO,2040-06-10 11:00:00,-1300.0,MW
YZ_CE_to_YZ_SO,2040-06-11 12:00:00,-1300.0,MW
YZ_CE_to_YZ_SO,2040-06-12 13:00:00,-1300.0,MW
YZ_CE_to_YZ_SO,2040-06-13 14:00:00,-1300.0,MW
YZ_CE_to_YZ_SO,2040-06-14 15:00:00,-1300.0,MW
YZ_CE_to_YZ_SO,2040-06-15 16:00:00,-655.3698088663186,MW
YZ_CE_to_YZ_SO,2040-06-16 17:00:00,527.0769408457468,MW
YZ_CE_to_YZ_SO,2040-06-17 18:00:00,841.4927741005914,MW
YZ_CE_to_YZ_SO,2040-06-18 19:00:00,-503.2154621337733,MW
YZ_CE_to_YZ_SO,2040-06-19 20:00:00,1169.3156867587659,MW
YZ_CE_to_YZ_SO,2040-06-20 21:00:00,-1300.0,MW
YZ_CE_to_YZ_SO,2040-06-21 22:00:00,-177.97690259447353,MW
YZ_CE_to_YZ_SO,2040-06-22 23:00:00,1243.1233577197445,MW
YZ_CE_to_YZ_SO,2040-06-24 00:00:00,602.2985477258361,MW
YZ_CE_to_YZ_SO,2040-06-25 01:00:00,929.0253643035768,MW
YZ_CE_to_YZ_SO,2040-06-26 02:00:00,-245.05827326787403,MW
YZ_CE_to_YZ_SO,2040-06-27 03:00:00,211.61572193945568,MW
YZ_CE_to_YZ_SO,2040-06-28 04:00:00,1194.4444327301599,MW
YZ_CE_to_YZ_SO,2040-06-29 05:00:00,1206.3430411024158,MW
YZ_CE_to_YZ_SO,2040-06-30 06:00:00,872.1188376131357,MW
YZ_CE_to_YZ_SO,2040-07-01 07:00:00,796.5949803096762,MW
YZ_CE_to_YZ_SO,2040-07-02 08:00:00,1278.5160812331692,MW
YZ_CE_to_YZ_SO,2040-07-03 09:00:00,696.094934693314,MW
YZ_CE_to_YZ_SO,2040-07-04 10:00:00,-372.1004765085482,MW
YZ_CE_to_YZ_SO,2040-07-05 11:00:00,-1129.8608600063935,MW
YZ_CE_to_YZ_SO,2040-07-06 12:00:00,368.1632600011029,MW
YZ_CE_to_YZ_SO,2040-07-07 13:00:00,-300.0,MW
YZ_CE_to_YZ_SO,2040-07-08 14:00:00,439.92352027138634,MW
YZ_CE_to_YZ_SO,2040-07-09 15:00:00,-1300.0,MW
YZ_CE_to_YZ_SO,2040-07-10 16:00:00,-638.7938918510301,MW
YZ_CE_to_YZ_SO,2040-07-11 17:00:00,1296.7025511668517,MW
YZ_CE_to_YZ_SO,2040-07-12 18:00:00,-1086.8487237189202,MW
YZ_CE_to_YZ_SO,2040-07-13 19:00:00,541.5265677582362,MW
YZ_CE_to_YZ_SO,2040-07-14 20:00:00,920.890439710925,MW
YZ_CE_to_YZ_SO,2040-07-15 21:00:00,990.6805755794653,MW
YZ_CE_to_YZ_SO,2040-07-16 22:00:00,488.0149591977063,MW
YZ_CE_to_YZ_SO,2040-07-17 23:00:00,745.809617666155,MW
YZ_CE_to_YZ_SO,2040-07-19 00:00:00,1220.3755802331257,MW
YZ_CE_to_YZ_SO,2040-07-20 01:00:00,789.8496361479422,MW
YZ_CE_to_YZ_SO,2040-07-21 02:00:00,777.9706535914718,MW
YZ_CE_to_YZ_SO,2040-07-22 03:00:00,729.251455117136,MW
YZ_CE_to_YZ_SO,2040-07-23 04:00:00,1300.0,MW
YZ_CE_to_YZ_SO,2040-07-24 05:00:00,1300.0,MW
YZ_CE_to_YZ_SO,2040-07-25 06:00:00,852.9978201701759,MW
YZ_CE_to_YZ_SO,2040-07-26 07:00:00,-300.0,MW
YZ_CE_to_YZ_SO,2040-07-27 08:00:00,747.8553118442967,MW
YZ_CE_to_YZ_SO,2040-07-28 09:00:00,244.29491484227032,MW
YZ_CE_to_YZ_SO,2040-07-29 10:00:00,-300.0,MW
YZ_CE_to_YZ_SO,2040-07-30 11:00:00,-1300.0,MW
YZ_CE_to_YZ_SO,2040-07-31 12:00:00,-1300.0,MW
YZ_CE_to_YZ_SO,2040-08-01 13:00:00,-1300.0,MW
YZ_CE_to_YZ_SO,2040-08-02 14:00:00,-878.8947244940102,MW
YZ_CE_to_YZ_SO,2040-08-03 15:00:00,-1299.7933389469215,MW
YZ_CE_to_YZ_SO,2040-08-04 16:00:00,-1300.0,MW
YZ_CE_to_YZ_SO,2040-08-05 17:00:00,-575.4807345576862,MW
YZ_CE_to_YZ_SO,2040-08-06 18:00:00,-103.17521728664593,MW
YZ_CE_to_YZ_SO,2040-08-07 19:00:00,461.40406500609674,MW
YZ_CE_to_YZ_SO,2040-08-08 20:00:00,26.71783424761645,MW
YZ_CE_to_YZ_SO,2040-08-09 21:00:00,478.5068328995155,MW
YZ_CE_to_YZ_SO,2040-08-10 22:00:00,563.6164143129163,MW
YZ_CE_to_YZ_SO,2040-08-11 23:00:00,1300.0,MW
YZ_CE_to_YZ_SO,2040-08-13 00:00:00,877.563090361466,MW
YZ_CE_to_YZ_SO,2040-08-14 01:00:00,56.141345363166124,MW
YZ_CE_to_YZ_SO,2040-08-15 02:00:00,632.1584843902656,MW
YZ_CE_to_YZ_SO,2040-08-16 03:00:00,752.9043006998797,MW
YZ_CE_to_YZ_SO,2040-08-17 04:00:00,926.6841078120556,MW
YZ_CE_to_YZ_SO,2040-08-18 05:00:00,-50.01724174767389,MW
YZ_CE_to_YZ_SO,2040-08-19 06:00:00,277.8473712694158,MW
YZ_CE_to_YZ_SO,2040-08-20 07:00:00,-462.2073374286237,MW
YZ_CE_to_YZ_SO,2040-08-21 08:00:00,-1300.0,MW
YZ_CE_to_YZ_SO,2040-08-22 09:00:00,-486.83275233883484,MW
YZ_CE_to_YZ_SO,2040-08-23 10:00:00,227.20349581467661,MW
YZ_CE_to_YZ_SO,2040-08-24 11:00:00,-223.18889139878792,MW
YZ_CE_to_YZ_SO,2040-08-25 12:00:00,-1300.0,MW
YZ_CE_to_YZ_SO,2040-08-26 13:00:00,-1300.0,MW
YZ_CE_to_YZ_SO,2040-08-27 14:00:00,-1123.1466629431968,MW
YZ_CE_to_YZ_SO,2040-08-28 15:00:00,-640.3798201954668,MW
YZ_CE_to_YZ_SO,2040-08-29 16:00:00,-1300.0,MW
YZ_CE_to_YZ_SO,2040-08-30 17:00:00,-1300.0,MW
YZ_CE_to_YZ_SO,2040-08-31 18:00:00,-88.54459157625655,MW
YZ_CE_to_YZ_SO,2040-09-01 19:00:00,571.4109589106101,MW
YZ_CE_to_YZ_SO,2040-09-02 20:00:00,1300.0,MW
YZ_CE_to_YZ_SO,2040-09-03 21:00:00,1018.7893709709654,MW
YZ_CE_to_YZ_SO,2040-09-04 22:00:00,-429.75269911319407,MW
YZ_CE_to_YZ_SO,2040-09-05 23:00:00,562.4620841490996,MW
YZ_CE_to_YZ_SO,2040-09-07 00:00:00,1300.0,MW
YZ_CE_to_YZ_SO,2040-09-08 01:00:00,-140.07264280711388,MW
YZ_CE_to_YZ_SO,2040-09-09 02:00:00,644.892557011736,MW
YZ_CE_to_YZ_SO,2040-09-10 03:00:00,1300.0,MW
YZ_CE_to_YZ_SO,2040-09-11 04:00:00,1300.0,MW
YZ_CE_to_YZ_SO,2040-09-12 05:00:00,1256.6831970591054,MW
YZ_CE_to_YZ_SO,2040-09-13 06:00:00,1190.0007452364405,MW
YZ_CE_to_YZ_SO,2040-09-14 07:00:00,1300.0,MW
YZ_CE_to_YZ_SO,2040-09-15 08:00:00,1300.0,MW
YZ_CE_to_YZ_SO,2040-09-16 09:00:00,1300.0,MW
YZ_CE_to_YZ_SO,2040-09-17 10:00:00,-680.7144084123612,MW
YZ_CE_to_YZ_SO,2040-09-18 11:00:00,-719.4441087120865,MW
YZ_CE_to_YZ_SO,2040-09-19 12:00:00,-471.7937686586598,MW
YZ_CE_to_YZ_SO,2040-09-20 13:00:00,-1029.3431943438268,MW
YZ_CE_to_YZ_SO,2040-09-21 14:00:00,90.30831703963577,MW
YZ_CE_to_YZ_SO,2040-09-22 15:00:00,257.18651700130306,MW
YZ_CE_to_YZ_SO,2040-09-23 16:00:00,-537.4924719184902,MW
YZ_CE_to_YZ_SO,2040-09-24 17:00:00,-491.92570321251185,MW
YZ_CE_to_YZ_SO,2040-09-25 18:00:00,1300.0,MW
YZ_CE_to_YZ_SO,2040-09-26 19:00:00,777.7580692568796,MW
YZ_CE_to_YZ_SO,2040-09-27 20:00:00,1300.0,MW
YZ_CE_to_YZ_SO,2040-09-28 21:00:00,1300.0,MW
YZ_CE_to_YZ_SO,2040-09-29 22:00:00,-2.3453236471035552,MW
YZ_CE_to_YZ_SO,2040-09-30 23:00:00,294.7634013623061,MW
YZ_CE_to_YZ_SO,2040-10-02 00:00:00,890.6732001193956,MW
YZ_CE_to_YZ_SO,2040-10-03 01:00:00,1300.0,MW
YZ_CE_to_YZ_SO,2040-10-04 02:00:00,1300.0,MW
YZ_CE_to_YZ_SO,2040-10-05 03:00:00,851.546643712576,MW
YZ_CE_to_YZ_SO,2040-10-06 04:00:00,-265.75030299338744,MW
YZ_CE_to_YZ_SO,2040-10-07 05:00:00,-547.3644370755094,MW
YZ_CE_to_YZ_SO,2040-10-08 06:00:00,1300.0,MW
YZ_CE_to_YZ_SO,2040-10-09 07:00:00,1300.0,MW
YZ_CE_to_YZ_SO,2040-10-10 08:00:00,-352.32539489670273,MW
YZ_CE_to_YZ_SO,2040-10-11 09:00:00,928.0974171048571,MW
YZ_CE_to_YZ_SO,2040-10-12 10:00:00,-99.41011938995621,MW
YZ_CE_to_YZ_SO,2040-10-13 11:00:00,-943.486003244564,MW
YZ_CE_to_YZ_SO,2040-10-14 12:00:00,-1300.0,MW
YZ_CE_to_YZ_SO,2040-10-15 13:00:00,-1300.0,MW
YZ_CE_to_YZ_SO,2040-10-16 14:00:00,-104.00249450943562,MW
YZ_CE_to_YZ_SO,2040-10-17 15:00:00,-1300.0,MW
YZ_CE_to_YZ_SO,2040-10-18 16:00:00,839.2544744245525,MW
YZ_CE_to_YZ_SO,2040-10-19 17:00:00,1300.0,MW
YZ_CE_to_YZ_SO,2040-10-20 18:00:00,103.79157778911167,MW
YZ_CE_to_YZ_SO,2040-10-21 19:00:00,1300.0,MW
YZ_CE_to_YZ_SO,2040-10-22 20:00:00,1300.0,MW
YZ_CE_to_YZ_SO,2040-10-23 21:00:00,-1300.0,MW
YZ_CE_to_YZ_SO,2040-10-24 22:00:00,1300.0,MW
YZ_CE_to_YZ_SO,2040-10-25 23:00:00,89.33364306797904,MW
YZ_CE_to_YZ_SO,2040-10-27 00:00:00,820.9760047912564,MW
YZ_CE_to_YZ_SO,2040-10-28 01:00:00,1300.0,MW
YZ_CE_to_YZ_SO,2040-10-29 02:00:00,1300.0,MW
YZ_CE_to_YZ_SO,2040-10-30 03:00:00,1300.0,MW
YZ_CE_to_YZ_SO,2040-10-31 04:00:00,1148.9739276781163,MW
YZ_CE_to_YZ_SO,2040-11-01 05:00:00,1219.3149943837461,MW
YZ_CE_to_YZ_SO,2040-11-02 06:00:00,1300.0,MW
YZ_CE_to_YZ_SO,2040-11-03 07:00:00,-29.18526952591276,MW
YZ_CE_to_YZ_SO,2040-11-04 08:00:00,1137.731404402268,MW
YZ_CE_to_YZ_SO,2040-11-05 09:00:00,1300.0,MW
YZ_CE_to_YZ_SO,2040-11-06 10:00:00,1300.0,MW
YZ_CE_to_YZ_SO,2040-11-07 11:00:00,193.1536159277121,MW
YZ_CE_to_YZ_SO,2040-11-08 12:00:00,-280.33549540211635,MW
YZ_CE_to_YZ_SO,2040-11-09 13:00:00,-719.2072856237546,MW
YZ_CE_to_YZ_SO,2040-11-10 14:00:00,-1132.950027009174,MW
YZ_CE_to_YZ_SO,2040-11-11 15:00:00,-754.780522993149,MW
YZ_CE_to_YZ_SO,2040-11-12 16:00:00,1001.8646429051983,MW
YZ_CE_to_YZ_SO,2040-11-13 17:00:00,-1300.0,MW
YZ_CE_to_YZ_SO,2040-11-14 18:00:00,1300.0,MW
YZ_CE_to_YZ_SO,2040-11-15 19:00:00,1300.0,MW
YZ_CE_to_YZ_SO,2040-11-16 20:00:00,-419.050135059028,MW
YZ_CE_to_YZ_SO,2040-11-17 21:00:00,1300.0,MW
YZ_CE_to_YZ_SO,2040-11-18 22:00:00,1300.0,MW
YZ_CE_to_YZ_SO,2040-11-19 23:00:00,1300.0,MW
YZ_CE_to_YZ_SO,2040-11-21 00:00:00,845.800594352525,MW
YZ_CE_to_YZ_SO,2040-11-22 01:00:00,1300.0,MW
YZ_CE_to_YZ_SO,2040-11-23 02:00:00,1300.0,MW
YZ_CE_to_YZ_SO,2040-11-24 03:00:00,234.26911627508628,MW
YZ_CE_to_YZ_SO,2040-11-25 04:00:00,1092.9855277429563,MW
YZ_CE_to_YZ_SO,2040-11-26 05:00:00,1300.0,MW
YZ_CE_to_YZ_SO,2040-11-27 06:00:00,433.1501759407962,MW
YZ_CE_to_YZ_SO,2040-11-28 07:00:00,1300.0,MW
YZ_CE_to_YZ_SO,2040-11-29 08:00:00,1300.0,MW
YZ_CE_to_YZ_SO,2040-11-30 09:00:00,724.0616600090739,MW
YZ_CE_to_YZ_SO,2040-12-01 10:00:00,-1278.390968504827,MW
YZ_CE_to_YZ_SO,2040-12-02 11:00:00,-818.7830848114453,MW
YZ_CE_to_YZ_SO,2040-12-03 12:00:00,-393.31528123989847,MW
YZ_CE_to_YZ_SO,2040-12-04 13:00:00,-1300.0,MW
YZ_CE_to_YZ_SO,2040-12-05 14:00:00,-1168.4063919385935,MW
YZ_CE_to_YZ_SO,2040-12-06 15:00:00,-166.91404175858082,MW
YZ_CE_to_YZ_SO,2040-12-07 16:00:00,1166.8106740383648,MW
YZ_CE_to_YZ_SO,2040-12-08 17:00:00,206.76017684114277,MW
YZ_CE_to_YZ_SO,2040-12-09 18:00:00,-578.8594014279269,MW
YZ_CE_to_YZ_SO,2040-12-10 19:00:00,1300.0,MW
YZ_CE_to_YZ_SO,2040-12-11 20:00:00,1300.0,MW
YZ_CE_to_YZ_SO,2040-12-12 21:00:00,1300.0,MW
YZ_CE_to_YZ_SO,2040-12-13 22:00:00,1300.0,MW
YZ_CE_to_YZ_SO,2040-12-14 23:00:00,1300.0,MW
YZ_CE_to_YZ_SO,2040-12-16 00:00:00,586.4346270868157,MW
YZ_CE_to_YZ_SO,2040-12-17 01:00:00,1300.0,MW
YZ_CE_to_YZ_SO,2040-12-18 02:00:00,1294.0388516881762,MW
YZ_CE_to_YZ_SO,2040-12-19 03:00:00,928.2595933219958,MW
YZ_CE_to_YZ_SO,2040-12-20 04:00:00,1300.0,MW
YZ_CE_to_YZ_SO,2040-12-21 05:00:00,-599.2606613742045,MW
YZ_CE_to_YZ_SO,2040-12-22 06:00:00,1300.0,MW
YZ_CE_to_YZ_SO,2040-12-23 07:00:00,1300.0,MW
YZ_CE_to_YZ_SO,2040-12-24 08:00:00,1274.702664926991,MW
YZ_CE_to_YZ_SO,2040-12-25 09:00:00,1300.0,MW
YZ_CE_to_YZ_SO,2040-12-26 10:00:00,1260.5767399336219,MW
YZ_CE_to_YZ_SO,2040-12-27 11:00:00,-839.6476712252213,MW
YZ_CE_to_YZ_SO,2040-12-28 12:00:00,-843.9597113782562,MW
YZ_CE_to_YZ_SO,2040-12-29 13:00:00,-1300.0,MW
YZ_CE_to_YZ_SO,2040-12-30 14:00:00,-1038.251551483107,MW
YZ_CE_to_YZ_SO,2040-12-31 15:00:00,876.4475266231578,MW
