snapshot,country,technology,value,unit
2030-01-01 00:00:00,XY,IND_BOILER,11360.0,MW
2030-01-02 01:00:00,XY,IND_BOILER,11060.0,MW
2030-01-03 02:00:00,XY,IND_BOILER,10660.0,MW
2030-01-04 03:00:00,XY,IND_BOILER,10560.0,MW
2030-01-05 04:00:00,XY,IND_BOILER,10260.0,MW
2030-01-06 05:00:00,XY,IND_BOILER,10460.0,MW
2030-01-07 06:00:00,XY,IND_BOILER,11160.0,MW
2030-01-08 07:00:00,XY,IND_BOILER,11760.0,MW
2030-01-09 08:00:00,XY,IND_BOILER,12160.0,MW
2030-01-10 09:00:00,XY,IND_BOILER,12060.0,MW
2030-01-11 10:00:00,XY,IND_BOILER,10884.9,MW
2030-01-12 11:00:00,XY,IND_BOILER,10146.0,MW
2030-01-13 12:00:00,XY,IND_BOILER,10050.0,MW
2030-01-14 13:00:00,XY,IND_BOILER,11223.0,MW
2030-01-15 14:00:00,XY,IND_BOILER,12260.0,MW
2030-01-16 15:00:00,XY,IND_BOILER,12880.0,MW
2030-01-17 16:00:00,XY,IND_BOILER,12460.0,MW
2030-01-18 17:00:00,XY,IND_BOILER,10460.0,MW
2030-01-19 18:00:00,XY,IND_BOILER,10900.0,MW
2030-01-20 19:00:00,XY,IND_BOILER,12680.0,MW
2030-01-21 20:00:00,XY,IND_BOILER,12760.0,MW
2030-01-22 21:00:00,XY,IND_BOILER,12920.0,MW
2030-01-23 22:00:00,XY,IND_BOILER,12880.0,MW
2030-01-24 23:00:00,XY,IND_BOILER,11760.0,MW
2030-01-26 00:00:00,XY,IND_BOILER,10160.0,MW
2030-01-27 01:00:00,XY,IND_BOILER,9560.0,MW
2030-01-28 02:00:00,XY,IND_BOILER,9660.0,MW
2030-01-29 03:00:00,XY,IND_BOILER,9860.0,MW
2030-01-30 04:00:00,XY,IND_BOILER,10260.0,MW
2030-01-31 05:00:00,XY,IND_BOILER,10160.0,MW
2030-02-01 06:00:00,XY,IND_BOILER,10060.0,MW
2030-02-02 07:00:00,XY,IND_BOILER,10760.0,MW
2030-02-03 08:00:00,XY,IND_BOILER,12160.0,MW
2030-02-04 09:00:00,XY,IND_BOILER,12760.0,MW
2030-02-05 10:00:00,XY,IND_BOILER,12946.0,MW
2030-02-06 11:00:00,XY,IND_BOILER,12050.0,MW
2030-02-07 12:00:00,XY,IND_BOILER,11450.0,MW
2030-02-08 13:00:00,XY,IND_BOILER,9450.0,MW
2030-02-09 14:00:00,XY,IND_BOILER,9650.0,MW
2030-02-10 15:00:00,XY,IND_BOILER,11550.0,MW
2030-02-11 16:00:00,XY,IND_BOILER,12484.4,MW
2030-02-12 17:00:00,XY,IND_BOILER,12960.0,MW
2030-02-13 18:00:00,XY,IND_BOILER,12920.0,MW
2030-02-14 19:00:00,XY,IND_BOILER,12560.0,MW
2030-02-15 20:00:00,XY,IND_BOILER,10560.0,MW
2030-02-16 21:00:00,XY,IND_BOILER,10760.0,MW
2030-02-17 22:00:00,XY,IND_BOILER,12660.0,MW
2030-02-18 23:00:00,XY,IND_BOILER,12360.0,MW
2030-02-20 00:00:00,XY,IND_BOILER,11460.0,MW
2030-02-21 01:00:00,XY,IND_BOILER,10260.0,MW
2030-02-22 02:00:00,XY,IND_BOILER,9360.0,MW
2030-02-23 03:00:00,XY,IND_BOILER,8760.0,MW
2030-02-24 04:00:00,XY,IND_BOILER,9060.0,MW
2030-02-25 05:00:00,XY,IND_BOILER,10060.0,MW
2030-02-26 06:00:00,XY,IND_BOILER,11160.0,MW
2030-02-27 07:00:00,XY,IND_BOILER,12060.0,MW
2030-02-28 08:00:00,XY,IND_BOILER,12160.0,MW
2030-03-01 09:00:00,XY,IND_BOILER,10460.0,MW
2030-03-02 10:00:00,XY,IND_BOILER,10278.1,MW
2030-03-03 11:00:00,XY,IND_BOILER,11829.2,MW
2030-03-04 12:00:00,XY,IND_BOILER,11550.0,MW
2030-03-05 13:00:00,XY,IND_BOILER,12050.0,MW
2030-03-06 14:00:00,XY,IND_BOILER,11850.0,MW
2030-03-07 15:00:00,XY,IND_BOILER,11889.8,MW
2030-03-08 16:00:00,XY,IND_BOILER,10334.1,MW
2030-03-09 17:00:00,XY,IND_BOILER,10660.0,MW
2030-03-10 18:00:00,XY,IND_BOILER,12640.0,MW
2030-03-11 19:00:00,XY,IND_BOILER,12720.0,MW
2030-03-12 20:00:00,XY,IND_BOILER,12880.0,MW
2030-03-13 21:00:00,XY,IND_BOILER,12840.0,MW
2030-03-14 22:00:00,XY,IND_BOILER,12600.0,MW
2030-03-15 23:00:00,XY,IND_BOILER,10360.0,MW
2030-03-17 00:00:00,XY,IND_BOILER,10160.0,MW
2030-03-18 01:00:00,XY,IND_BOILER,9960.0,MW
2030-03-19 02:00:00,XY,IND_BOILER,9860.0,MW
2030-03-20 03:00:00,XY,IND_BOILER,9860.0,MW
2030-03-21 04:00:00,XY,IND_BOILER,9560.0,MW
2030-03-22 05:00:00,XY,IND_BOILER,9160.0,MW
2030-03-23 06:00:00,XY,IND_BOILER,9960.0,MW
2030-03-24 07:00:00,XY,IND_BOILER,11260.0,MW
2030-03-25 08:00:00,XY,IND_BOILER,12060.0,MW
2030-03-26 09:00:00,XY,IND_BOILER,12800.0,MW
2030-03-27 10:00:00,XY,IND_BOILER,12800.0,MW
2030-03-28 11:00:00,XY,IND_BOILER,11809.2,MW
2030-03-29 12:00:00,XY,IND_BOILER,9250.0,MW
2030-03-30 13:00:00,XY,IND_BOILER,9450.0,MW
2030-03-31 14:00:00,XY,IND_BOILER,11468.0,MW
2030-04-01 15:00:00,XY,IND_BOILER,12560.0,MW
2030-04-02 16:00:00,XY,IND_BOILER,12840.0,MW
2030-04-03 17:00:00,XY,IND_BOILER,12800.0,MW
2030-04-04 18:00:00,XY,IND_BOILER,12500.0,MW
2030-04-05 19:00:00,XY,IND_BOILER,10500.0,MW
2030-04-06 20:00:00,XY,IND_BOILER,10700.0,MW
2030-04-07 21:00:00,XY,IND_BOILER,12600.0,MW
2030-04-08 22:00:00,XY,IND_BOILER,12640.0,MW
2030-04-09 23:00:00,XY,IND_BOILER,12600.0,MW
2030-04-11 00:00:00,XY,IND_BOILER,11000.0,MW
2030-04-12 01:00:00,XY,IND_BOILER,9800.0,MW
2030-04-13 02:00:00,XY,IND_BOILER,9000.0,MW
2030-04-14 03:00:00,XY,IND_BOILER,8900.0,MW
2030-04-15 04:00:00,XY,IND_BOILER,9600.0,MW
2030-04-16 05:00:00,XY,IND_BOILER,10500.0,MW
2030-04-17 06:00:00,XY,IND_BOILER,11300.0,MW
2030-04-18 07:00:00,XY,IND_BOILER,11500.0,MW
2030-04-19 08:00:00,XY,IND_BOILER,10260.0,MW
2030-04-20 09:00:00,XY,IND_BOILER,10460.0,MW
2030-04-21 10:00:00,XY,IND_BOILER,12260.0,MW
2030-04-22 11:00:00,XY,IND_BOILER,12460.0,MW
2030-04-23 12:00:00,XY,IND_BOILER,12800.0,MW
2030-04-24 13:00:00,XY,IND_BOILER,12583.1,MW
2030-04-25 14:00:00,XY,IND_BOILER,12160.0,MW
2030-04-26 15:00:00,XY,IND_BOILER,10260.0,MW
2030-04-27 16:00:00,XY,IND_BOILER,10460.0,MW
2030-04-28 17:00:00,XY,IND_BOILER,12500.0,MW
2030-04-29 18:00:00,XY,IND_BOILER,12640.0,MW
2030-04-30 19:00:00,XY,IND_BOILER,12800.0,MW
2030-05-01 20:00:00,XY,IND_BOILER,12720.0,MW
2030-05-02 21:00:00,XY,IND_BOILER,12400.0,MW
2030-05-03 22:00:00,XY,IND_BOILER,10400.0,MW
2030-05-04 23:00:00,XY,IND_BOILER,10700.0,MW
2030-05-06 00:00:00,XY,IND_BOILER,10700.0,MW
2030-05-07 01:00:00,XY,IND_BOILER,10400.0,MW
2030-05-08 02:00:00,XY,IND_BOILER,10200.0,MW
2030-05-09 03:00:00,XY,IND_BOILER,9500.0,MW
2030-05-10 04:00:00,XY,IND_BOILER,8800.0,MW
2030-05-11 05:00:00,XY,IND_BOILER,9400.0,MW
2030-05-12 06:00:00,XY,IND_BOILER,10600.0,MW
2030-05-13 07:00:00,XY,IND_BOILER,11400.0,MW
2030-05-14 08:00:00,XY,IND_BOILER,12500.0,MW
2030-05-15 09:00:00,XY,IND_BOILER,12660.0,MW
2030-05-16 10:00:00,XY,IND_BOILER,12060.0,MW
2030-05-17 11:00:00,XY,IND_BOILER,10160.0,MW
2030-05-18 12:00:00,XY,IND_BOILER,10360.0,MW
2030-05-19 13:00:00,XY,IND_BOILER,12160.0,MW
2030-05-20 14:00:00,XY,IND_BOILER,12360.0,MW
2030-05-21 15:00:00,XY,IND_BOILER,12760.0,MW
2030-05-22 16:00:00,XY,IND_BOILER,12720.0,MW
2030-05-23 17:00:00,XY,IND_BOILER,12300.0,MW
2030-05-24 18:00:00,XY,IND_BOILER,10400.0,MW
2030-05-25 19:00:00,XY,IND_BOILER,10600.0,MW
2030-05-26 20:00:00,XY,IND_BOILER,12400.0,MW
2030-05-27 21:00:00,XY,IND_BOILER,12600.0,MW
2030-05-28 22:00:00,XY,IND_BOILER,12760.0,MW
2030-05-29 23:00:00,XY,IND_BOILER,12100.0,MW
2030-05-31 00:00:00,XY,IND_BOILER,10400.0,MW
2030-06-01 01:00:00,XY,IND_BOILER,9300.0,MW
2030-06-02 02:00:00,XY,IND_BOILER,9000.0,MW
2030-06-03 03:00:00,XY,IND_BOILER,9300.0,MW
2030-06-04 04:00:00,XY,IND_BOILER,9900.0,MW
2030-06-05 05:00:00,XY,IND_BOILER,10500.0,MW
2030-06-06 06:00:00,XY,IND_BOILER,10600.0,MW
2030-06-07 07:00:00,XY,IND_BOILER,11960.0,MW
2030-06-08 08:00:00,XY,IND_BOILER,10143.8,MW
2030-06-09 09:00:00,XY,IND_BOILER,10260.0,MW
2030-06-10 10:00:00,XY,IND_BOILER,12300.0,MW
2030-06-11 11:00:00,XY,IND_BOILER,12260.0,MW
2030-06-12 12:00:00,XY,IND_BOILER,12660.0,MW
2030-06-13 13:00:00,XY,IND_BOILER,12560.0,MW
2030-06-14 14:00:00,XY,IND_BOILER,11628.0,MW
2030-06-15 15:00:00,XY,IND_BOILER,9658.2,MW
2030-06-16 16:00:00,XY,IND_BOILER,10083.2,MW
2030-06-17 17:00:00,XY,IND_BOILER,12300.0,MW
2030-06-18 18:00:00,XY,IND_BOILER,12434.9,MW
2030-06-19 19:00:00,XY,IND_BOILER,12720.0,MW
2030-06-20 20:00:00,XY,IND_BOILER,12680.0,MW
2030-06-21 21:00:00,XY,IND_BOILER,12300.0,MW
2030-06-22 22:00:00,XY,IND_BOILER,10300.0,MW
2030-06-23 23:00:00,XY,IND_BOILER,10500.0,MW
2030-06-25 00:00:00,XY,IND_BOILER,11800.0,MW
2030-06-26 01:00:00,XY,IND_BOILER,10900.0,MW
2030-06-27 02:00:00,XY,IND_BOILER,10500.0,MW
2030-06-28 03:00:00,XY,IND_BOILER,9600.0,MW
2030-06-29 04:00:00,XY,IND_BOILER,9000.0,MW
2030-06-30 05:00:00,XY,IND_BOILER,8800.0,MW
2030-07-01 06:00:00,XY,IND_BOILER,9900.0,MW
2030-07-02 07:00:00,XY,IND_BOILER,10600.0,MW
2030-07-03 08:00:00,XY,IND_BOILER,11700.0,MW
2030-07-04 09:00:00,XY,IND_BOILER,12260.0,MW
2030-07-05 10:00:00,XY,IND_BOILER,11681.7,MW
2030-07-06 11:00:00,XY,IND_BOILER,9740.0,MW
2030-07-07 12:00:00,XY,IND_BOILER,9940.0,MW
2030-07-08 13:00:00,XY,IND_BOILER,11804.7,MW
2030-07-09 14:00:00,XY,IND_BOILER,12001.9,MW
2030-07-10 15:00:00,XY,IND_BOILER,12340.0,MW
2030-07-11 16:00:00,XY,IND_BOILER,12240.0,MW
2030-07-12 17:00:00,XY,IND_BOILER,11960.0,MW
2030-07-13 18:00:00,XY,IND_BOILER,10060.0,MW
2030-07-14 19:00:00,XY,IND_BOILER,10260.0,MW
2030-07-15 20:00:00,XY,IND_BOILER,12300.0,MW
2030-07-16 21:00:00,XY,IND_BOILER,12500.0,MW
2030-07-17 22:00:00,XY,IND_BOILER,12720.0,MW
2030-07-18 23:00:00,XY,IND_BOILER,12680.0,MW
2030-07-20 00:00:00,XY,IND_BOILER,11500.0,MW
2030-07-21 01:00:00,XY,IND_BOILER,10000.0,MW
2030-07-22 02:00:00,XY,IND_BOILER,9160.0,MW
2030-07-23 03:00:00,XY,IND_BOILER,9260.0,MW
2030-07-24 04:00:00,XY,IND_BOILER,9521.5,MW
2030-07-25 05:00:00,XY,IND_BOILER,10000.0,MW
2030-07-26 06:00:00,XY,IND_BOILER,10000.0,MW
2030-07-27 07:00:00,XY,IND_BOILER,9782.7,MW
2030-07-28 08:00:00,XY,IND_BOILER,10500.0,MW
2030-07-29 09:00:00,XY,IND_BOILER,11900.0,MW
2030-07-30 10:00:00,XY,IND_BOILER,12160.0,MW
2030-07-31 11:00:00,XY,IND_BOILER,12394.7,MW
2030-08-01 12:00:00,XY,IND_BOILER,11718.1,MW
2030-08-02 13:00:00,XY,IND_BOILER,11093.6,MW
2030-08-03 14:00:00,XY,IND_BOILER,8950.0,MW
2030-08-04 15:00:00,XY,IND_BOILER,9940.0,MW
2030-08-05 16:00:00,XY,IND_BOILER,12039.0,MW
2030-08-06 17:00:00,XY,IND_BOILER,12260.0,MW
2030-08-07 18:00:00,XY,IND_BOILER,12660.0,MW
2030-08-08 19:00:00,XY,IND_BOILER,12680.0,MW
2030-08-09 20:00:00,XY,IND_BOILER,12200.0,MW
2030-08-10 21:00:00,XY,IND_BOILER,10300.0,MW
2030-08-11 22:00:00,XY,IND_BOILER,10500.0,MW
2030-08-12 23:00:00,XY,IND_BOILER,12300.0,MW
2030-08-14 00:00:00,XY,IND_BOILER,12100.0,MW
2030-08-15 01:00:00,XY,IND_BOILER,11200.0,MW
2030-08-16 02:00:00,XY,IND_BOILER,10100.0,MW
2030-08-17 03:00:00,XY,IND_BOILER,8960.0,MW
2030-08-18 04:00:00,XY,IND_BOILER,8360.0,MW
2030-08-19 05:00:00,XY,IND_BOILER,8685.2,MW
2030-08-20 06:00:00,XY,IND_BOILER,9900.0,MW
2030-08-21 07:00:00,XY,IND_BOILER,11000.0,MW
2030-08-22 08:00:00,XY,IND_BOILER,11800.0,MW
2030-08-23 09:00:00,XY,IND_BOILER,11894.7,MW
2030-08-24 10:00:00,XY,IND_BOILER,10060.0,MW
2030-08-25 11:00:00,XY,IND_BOILER,9862.5,MW
2030-08-26 12:00:00,XY,IND_BOILER,11740.0,MW
2030-08-27 13:00:00,XY,IND_BOILER,11720.7,MW
2030-08-28 14:00:00,XY,IND_BOILER,12340.0,MW
2030-08-29 15:00:00,XY,IND_BOILER,12491.0,MW
2030-08-30 16:00:00,XY,IND_BOILER,11960.0,MW
2030-08-31 17:00:00,XY,IND_BOILER,10060.0,MW
2030-09-01 18:00:00,XY,IND_BOILER,10261.8,MW
2030-09-02 19:00:00,XY,IND_BOILER,12300.0,MW
2030-09-03 20:00:00,XY,IND_BOILER,12500.0,MW
2030-09-04 21:00:00,XY,IND_BOILER,12720.0,MW
2030-09-05 22:00:00,XY,IND_BOILER,12640.0,MW
2030-09-06 23:00:00,XY,IND_BOILER,12200.0,MW
2030-09-08 00:00:00,XY,IND_BOILER,10300.0,MW
2030-09-09 01:00:00,XY,IND_BOILER,10100.0,MW
2030-09-10 02:00:00,XY,IND_BOILER,9834.7,MW
2030-09-11 03:00:00,XY,IND_BOILER,9648.2,MW
2030-09-12 04:00:00,XY,IND_BOILER,9560.0,MW
2030-09-13 05:00:00,XY,IND_BOILER,9500.0,MW
2030-09-14 06:00:00,XY,IND_BOILER,8860.0,MW
2030-09-15 07:00:00,XY,IND_BOILER,9844.3,MW
2030-09-16 08:00:00,XY,IND_BOILER,10960.0,MW
2030-09-17 09:00:00,XY,IND_BOILER,11660.0,MW
2030-09-18 10:00:00,XY,IND_BOILER,12560.0,MW
2030-09-19 11:00:00,XY,IND_BOILER,12460.0,MW
2030-09-20 12:00:00,XY,IND_BOILER,11960.0,MW
2030-09-21 13:00:00,XY,IND_BOILER,10060.0,MW
2030-09-22 14:00:00,XY,IND_BOILER,10260.0,MW
2030-09-23 15:00:00,XY,IND_BOILER,12300.0,MW
2030-09-24 16:00:00,XY,IND_BOILER,12500.0,MW
2030-09-25 17:00:00,XY,IND_BOILER,12720.0,MW
2030-09-26 18:00:00,XY,IND_BOILER,12680.0,MW
2030-09-27 19:00:00,XY,IND_BOILER,12200.0,MW
2030-09-28 20:00:00,XY,IND_BOILER,10300.0,MW
2030-09-29 21:00:00,XY,IND_BOILER,10500.0,MW
2030-09-30 22:00:00,XY,IND_BOILER,12300.0,MW
2030-10-01 23:00:00,XY,IND_BOILER,12500.0,MW
2030-10-03 00:00:00,XY,IND_BOILER,12400.0,MW
2030-10-04 01:00:00,XY,IND_BOILER,10762.5,MW
2030-10-05 02:00:00,XY,IND_BOILER,9460.0,MW
2030-10-06 03:00:00,XY,IND_BOILER,8560.0,MW
2030-10-07 04:00:00,XY,IND_BOILER,8560.0,MW
2030-10-08 05:00:00,XY,IND_BOILER,9260.0,MW
2030-10-09 06:00:00,XY,IND_BOILER,10160.0,MW
2030-10-10 07:00:00,XY,IND_BOILER,11200.0,MW
2030-10-11 08:00:00,XY,IND_BOILER,11160.0,MW
2030-10-12 09:00:00,XY,IND_BOILER,10160.0,MW
2030-10-13 10:00:00,XY,IND_BOILER,10360.0,MW
2030-10-14 11:00:00,XY,IND_BOILER,12160.0,MW
2030-10-15 12:00:00,XY,IND_BOILER,12360.0,MW
2030-10-16 13:00:00,XY,IND_BOILER,12760.0,MW
2030-10-17 14:00:00,XY,IND_BOILER,12660.0,MW
2030-10-18 15:00:00,XY,IND_BOILER,12060.0,MW
2030-10-19 16:00:00,XY,IND_BOILER,10160.0,MW
2030-10-20 17:00:00,XY,IND_BOILER,10360.0,MW
2030-10-21 18:00:00,XY,IND_BOILER,12400.0,MW
2030-10-22 19:00:00,XY,IND_BOILER,12600.0,MW
2030-10-23 20:00:00,XY,IND_BOILER,12760.0,MW
2030-10-24 21:00:00,XY,IND_BOILER,12680.0,MW
2030-10-25 22:00:00,XY,IND_BOILER,12300.0,MW
2030-10-26 23:00:00,XY,IND_BOILER,10160.0,MW
2030-10-28 00:00:00,XY,IND_BOILER,10360.0,MW
2030-10-29 01:00:00,XY,IND_BOILER,10360.0,MW
2030-10-30 02:00:00,XY,IND_BOILER,10060.0,MW
2030-10-31 03:00:00,XY,IND_BOILER,9860.0,MW
2030-11-01 04:00:00,XY,IND_BOILER,9160.0,MW
2030-11-02 05:00:00,XY,IND_BOILER,8460.0,MW
2030-11-03 06:00:00,XY,IND_BOILER,9060.0,MW
2030-11-04 07:00:00,XY,IND_BOILER,10360.0,MW
2030-11-05 08:00:00,XY,IND_BOILER,11160.0,MW
2030-11-06 09:00:00,XY,IND_BOILER,12343.9,MW
2030-11-07 10:00:00,XY,IND_BOILER,12560.0,MW
2030-11-08 11:00:00,XY,IND_BOILER,11996.9,MW
2030-11-09 12:00:00,XY,IND_BOILER,9246.9,MW
2030-11-10 13:00:00,XY,IND_BOILER,9250.0,MW
2030-11-11 14:00:00,XY,IND_BOILER,11587.6,MW
2030-11-12 15:00:00,XY,IND_BOILER,12360.0,MW
2030-11-13 16:00:00,XY,IND_BOILER,12760.0,MW
2030-11-14 17:00:00,XY,IND_BOILER,12660.0,MW
2030-11-15 18:00:00,XY,IND_BOILER,12300.0,MW
2030-11-16 19:00:00,XY,IND_BOILER,10400.0,MW
2030-11-17 20:00:00,XY,IND_BOILER,10401.9,MW
2030-11-18 21:00:00,XY,IND_BOILER,12400.0,MW
2030-11-19 22:00:00,XY,IND_BOILER,12482.3,MW
2030-11-20 23:00:00,XY,IND_BOILER,12760.0,MW
2030-11-22 00:00:00,XY,IND_BOILER,11860.0,MW
2030-11-23 01:00:00,XY,IND_BOILER,10176.8,MW
2030-11-24 02:00:00,XY,IND_BOILER,9160.0,MW
2030-11-25 03:00:00,XY,IND_BOILER,8860.0,MW
2030-11-26 04:00:00,XY,IND_BOILER,9160.0,MW
2030-11-27 05:00:00,XY,IND_BOILER,9760.0,MW
2030-11-28 06:00:00,XY,IND_BOILER,10360.0,MW
2030-11-29 07:00:00,XY,IND_BOILER,10560.0,MW
2030-11-30 08:00:00,XY,IND_BOILER,10160.0,MW
2030-12-01 09:00:00,XY,IND_BOILER,10460.0,MW
2030-12-02 10:00:00,XY,IND_BOILER,12160.0,MW
2030-12-03 11:00:00,XY,IND_BOILER,12460.0,MW
2030-12-04 12:00:00,XY,IND_BOILER,12380.9,MW
2030-12-05 13:00:00,XY,IND_BOILER,11650.0,MW
2030-12-06 14:00:00,XY,IND_BOILER,11551.1,MW
2030-12-07 15:00:00,XY,IND_BOILER,9934.2,MW
2030-12-08 16:00:00,XY,IND_BOILER,10460.0,MW
2030-12-09 17:00:00,XY,IND_BOILER,12500.0,MW
2030-12-10 18:00:00,XY,IND_BOILER,12640.0,MW
2030-12-11 19:00:00,XY,IND_BOILER,12800.0,MW
2030-12-12 20:00:00,XY,IND_BOILER,12760.0,MW
2030-12-13 21:00:00,XY,IND_BOILER,12160.0,MW
2030-12-14 22:00:00,XY,IND_BOILER,10260.0,MW
2030-12-15 23:00:00,XY,IND_BOILER,10460.0,MW
2030-12-17 00:00:00,XY,IND_BOILER,11760.0,MW
2030-12-18 01:00:00,XY,IND_BOILER,10860.0,MW
2030-12-19 02:00:00,XY,IND_BOILER,10460.0,MW
2030-12-20 03:00:00,XY,IND_BOILER,9560.0,MW
2030-12-21 04:00:00,XY,IND_BOILER,8960.0,MW
2030-12-22 05:00:00,XY,IND_BOILER,8760.0,MW
2030-12-23 06:00:00,XY,IND_BOILER,9860.0,MW
2030-12-24 07:00:00,XY,IND_BOILER,10620.6,MW
2030-12-25 08:00:00,XY,IND_BOILER,11705.1,MW
2030-12-26 09:00:00,XY,IND_BOILER,12505.8,MW
2030-12-27 10:00:00,XY,IND_BOILER,12160.0,MW
2030-12-28 11:00:00,XY,IND_BOILER,10260.0,MW
2030-12-29 12:00:00,XY,IND_BOILER,9350.0,MW
2030-12-30 13:00:00,XY,IND_BOILER,11581.6,MW
2030-12-31 14:00:00,XY,IND_BOILER,11639.3,MW
2031-01-01 15:00:00,XY,IND_BOILER,12840.0,MW
2030-01-01 00:00:00,YZ,IND_BOILER,8580.4,MW
2030-01-02 01:00:00,YZ,IND_BOILER,10139.6,MW
2030-01-03 02:00:00,YZ,IND_BOILER,10910.7,MW
2030-01-04 03:00:00,YZ,IND_BOILER,10618.0,MW
2030-01-05 04:00:00,YZ,IND_BOILER,7687.3,MW
2030-01-06 05:00:00,YZ,IND_BOILER,7728.3,MW
2030-01-07 06:00:00,YZ,IND_BOILER,8588.2,MW
2030-01-08 07:00:00,YZ,IND_BOILER,9188.8,MW
2030-01-09 08:00:00,YZ,IND_BOILER,9589.2,MW
2030-01-10 09:00:00,YZ,IND_BOILER,9489.1,MW
2030-01-11 10:00:00,YZ,IND_BOILER,10115.6,MW
2030-01-12 11:00:00,YZ,IND_BOILER,8388.0,MW
2030-01-13 12:00:00,YZ,IND_BOILER,7738.2,MW
2030-01-14 13:00:00,YZ,IND_BOILER,9169.1,MW
2030-01-15 14:00:00,YZ,IND_BOILER,12333.2,MW
2030-01-16 15:00:00,YZ,IND_BOILER,12735.8,MW
2030-01-17 16:00:00,YZ,IND_BOILER,10938.2,MW
2030-01-18 17:00:00,YZ,IND_BOILER,8010.1,MW
2030-01-19 18:00:00,YZ,IND_BOILER,8356.0,MW
2030-01-20 19:00:00,YZ,IND_BOILER,9989.6,MW
2030-01-21 20:00:00,YZ,IND_BOILER,10189.8,MW
2030-01-22 21:00:00,YZ,IND_BOILER,10590.2,MW
2030-01-23 22:00:00,YZ,IND_BOILER,10490.1,MW
2030-01-24 23:00:00,YZ,IND_BOILER,9083.1,MW
2030-01-26 00:00:00,YZ,IND_BOILER,7623.7,MW
2030-01-27 01:00:00,YZ,IND_BOILER,6810.0,MW
2030-01-28 02:00:00,YZ,IND_BOILER,6590.0,MW
2030-01-29 03:00:00,YZ,IND_BOILER,10110.1,MW
2030-01-30 04:00:00,YZ,IND_BOILER,10510.5,MW
2030-01-31 05:00:00,YZ,IND_BOILER,10410.4,MW
2030-02-01 06:00:00,YZ,IND_BOILER,7487.1,MW
2030-02-02 07:00:00,YZ,IND_BOILER,8187.8,MW
2030-02-03 08:00:00,YZ,IND_BOILER,12412.4,MW
2030-02-04 09:00:00,YZ,IND_BOILER,10865.2,MW
2030-02-05 10:00:00,YZ,IND_BOILER,9975.3,MW
2030-02-06 11:00:00,YZ,IND_BOILER,10910.8,MW
2030-02-07 12:00:00,YZ,IND_BOILER,9669.6,MW
2030-02-08 13:00:00,YZ,IND_BOILER,9246.2,MW
2030-02-09 14:00:00,YZ,IND_BOILER,8324.0,MW
2030-02-10 15:00:00,YZ,IND_BOILER,12912.9,MW
2030-02-11 16:00:00,YZ,IND_BOILER,10289.9,MW
2030-02-12 17:00:00,YZ,IND_BOILER,10690.3,MW
2030-02-13 18:00:00,YZ,IND_BOILER,10590.2,MW
2030-02-14 19:00:00,YZ,IND_BOILER,9989.6,MW
2030-02-15 20:00:00,YZ,IND_BOILER,7987.6,MW
2030-02-16 21:00:00,YZ,IND_BOILER,8187.8,MW
2030-02-17 22:00:00,YZ,IND_BOILER,10089.7,MW
2030-02-18 23:00:00,YZ,IND_BOILER,10072.5,MW
2030-02-20 00:00:00,YZ,IND_BOILER,11526.0,MW
2030-02-21 01:00:00,YZ,IND_BOILER,10510.5,MW
2030-02-22 02:00:00,YZ,IND_BOILER,6730.0,MW
2030-02-23 03:00:00,YZ,IND_BOILER,5906.5,MW
2030-02-24 04:00:00,YZ,IND_BOILER,6610.0,MW
2030-02-25 05:00:00,YZ,IND_BOILER,7487.1,MW
2030-02-26 06:00:00,YZ,IND_BOILER,8588.2,MW
2030-02-27 07:00:00,YZ,IND_BOILER,9489.1,MW
2030-02-28 08:00:00,YZ,IND_BOILER,10236.6,MW
2030-03-01 09:00:00,YZ,IND_BOILER,7887.5,MW
2030-03-02 10:00:00,YZ,IND_BOILER,8087.7,MW
2030-03-03 11:00:00,YZ,IND_BOILER,9664.7,MW
2030-03-04 12:00:00,YZ,IND_BOILER,10089.7,MW
2030-03-05 13:00:00,YZ,IND_BOILER,13413.4,MW
2030-03-06 14:00:00,YZ,IND_BOILER,10296.3,MW
2030-03-07 15:00:00,YZ,IND_BOILER,9737.4,MW
2030-03-08 16:00:00,YZ,IND_BOILER,10710.7,MW
2030-03-09 17:00:00,YZ,IND_BOILER,6977.7,MW
2030-03-10 18:00:00,YZ,IND_BOILER,9889.5,MW
2030-03-11 19:00:00,YZ,IND_BOILER,10089.7,MW
2030-03-12 20:00:00,YZ,IND_BOILER,10490.1,MW
2030-03-13 21:00:00,YZ,IND_BOILER,10540.1,MW
2030-03-14 22:00:00,YZ,IND_BOILER,9789.4,MW
2030-03-15 23:00:00,YZ,IND_BOILER,7257.4,MW
2030-03-17 00:00:00,YZ,IND_BOILER,7057.2,MW
2030-03-18 01:00:00,YZ,IND_BOILER,7387.0,MW
2030-03-19 02:00:00,YZ,IND_BOILER,7286.9,MW
2030-03-20 03:00:00,YZ,IND_BOILER,9265.8,MW
2030-03-21 04:00:00,YZ,IND_BOILER,7911.7,MW
2030-03-22 05:00:00,YZ,IND_BOILER,6650.0,MW
2030-03-23 06:00:00,YZ,IND_BOILER,6710.0,MW
2030-03-24 07:00:00,YZ,IND_BOILER,8688.3,MW
2030-03-25 08:00:00,YZ,IND_BOILER,9116.5,MW
2030-03-26 09:00:00,YZ,IND_BOILER,10289.9,MW
2030-03-27 10:00:00,YZ,IND_BOILER,10289.9,MW
2030-03-28 11:00:00,YZ,IND_BOILER,9689.3,MW
2030-03-29 12:00:00,YZ,IND_BOILER,8458.6,MW
2030-03-30 13:00:00,YZ,IND_BOILER,8390.6,MW
2030-03-31 14:00:00,YZ,IND_BOILER,9681.2,MW
2030-04-01 15:00:00,YZ,IND_BOILER,9989.6,MW
2030-04-02 16:00:00,YZ,IND_BOILER,10390.0,MW
2030-04-03 17:00:00,YZ,IND_BOILER,10250.7,MW
2030-04-04 18:00:00,YZ,IND_BOILER,10278.5,MW
2030-04-05 19:00:00,YZ,IND_BOILER,7687.3,MW
2030-04-06 20:00:00,YZ,IND_BOILER,9065.8,MW
2030-04-07 21:00:00,YZ,IND_BOILER,9254.1,MW
2030-04-08 22:00:00,YZ,IND_BOILER,9469.2,MW
2030-04-09 23:00:00,YZ,IND_BOILER,8999.4,MW
2030-04-11 00:00:00,YZ,IND_BOILER,7397.8,MW
2030-04-12 01:00:00,YZ,IND_BOILER,6986.6,MW
2030-04-13 02:00:00,YZ,IND_BOILER,6238.0,MW
2030-04-14 03:00:00,YZ,IND_BOILER,5668.0,MW
2030-04-15 04:00:00,YZ,IND_BOILER,6786.4,MW
2030-04-16 05:00:00,YZ,IND_BOILER,7687.3,MW
2030-04-17 06:00:00,YZ,IND_BOILER,9573.2,MW
2030-04-18 07:00:00,YZ,IND_BOILER,9454.2,MW
2030-04-19 08:00:00,YZ,IND_BOILER,7687.3,MW
2030-04-20 09:00:00,YZ,IND_BOILER,6777.5,MW
2030-04-21 10:00:00,YZ,IND_BOILER,8579.3,MW
2030-04-22 11:00:00,YZ,IND_BOILER,9569.5,MW
2030-04-23 12:00:00,YZ,IND_BOILER,9969.9,MW
2030-04-24 13:00:00,YZ,IND_BOILER,10152.5,MW
2030-04-25 14:00:00,YZ,IND_BOILER,9589.2,MW
2030-04-26 15:00:00,YZ,IND_BOILER,7687.3,MW
2030-04-27 16:00:00,YZ,IND_BOILER,8452.4,MW
2030-04-28 17:00:00,YZ,IND_BOILER,9689.3,MW
2030-04-29 18:00:00,YZ,IND_BOILER,9889.5,MW
2030-04-30 19:00:00,YZ,IND_BOILER,10289.9,MW
2030-05-01 20:00:00,YZ,IND_BOILER,10089.7,MW
2030-05-02 21:00:00,YZ,IND_BOILER,9589.2,MW
2030-05-03 22:00:00,YZ,IND_BOILER,7512.7,MW
2030-05-04 23:00:00,YZ,IND_BOILER,7274.0,MW
2030-05-06 00:00:00,YZ,IND_BOILER,8225.5,MW
2030-05-07 01:00:00,YZ,IND_BOILER,7764.9,MW
2030-05-08 02:00:00,YZ,IND_BOILER,8379.4,MW
2030-05-09 03:00:00,YZ,IND_BOILER,6430.0,MW
2030-05-10 04:00:00,YZ,IND_BOILER,6514.8,MW
2030-05-11 05:00:00,YZ,IND_BOILER,6650.0,MW
2030-05-12 06:00:00,YZ,IND_BOILER,6997.4,MW
2030-05-13 07:00:00,YZ,IND_BOILER,7801.9,MW
2030-05-14 08:00:00,YZ,IND_BOILER,9689.3,MW
2030-05-15 09:00:00,YZ,IND_BOILER,10089.7,MW
2030-05-16 10:00:00,YZ,IND_BOILER,9489.1,MW
2030-05-17 11:00:00,YZ,IND_BOILER,7587.2,MW
2030-05-18 12:00:00,YZ,IND_BOILER,9316.0,MW
2030-05-19 13:00:00,YZ,IND_BOILER,9347.5,MW
2030-05-20 14:00:00,YZ,IND_BOILER,12612.6,MW
2030-05-21 15:00:00,YZ,IND_BOILER,9869.8,MW
2030-05-22 16:00:00,YZ,IND_BOILER,9299.7,MW
2030-05-23 17:00:00,YZ,IND_BOILER,9952.9,MW
2030-05-24 18:00:00,YZ,IND_BOILER,7587.2,MW
2030-05-25 19:00:00,YZ,IND_BOILER,7451.5,MW
2030-05-26 20:00:00,YZ,IND_BOILER,9589.2,MW
2030-05-27 21:00:00,YZ,IND_BOILER,11232.1,MW
2030-05-28 22:00:00,YZ,IND_BOILER,10189.8,MW
2030-05-29 23:00:00,YZ,IND_BOILER,8883.6,MW
2030-05-31 00:00:00,YZ,IND_BOILER,8174.0,MW
2030-06-01 01:00:00,YZ,IND_BOILER,6610.0,MW
2030-06-02 02:00:00,YZ,IND_BOILER,6490.0,MW
2030-06-03 03:00:00,YZ,IND_BOILER,6610.0,MW
2030-06-04 04:00:00,YZ,IND_BOILER,7289.5,MW
2030-06-05 05:00:00,YZ,IND_BOILER,7442.8,MW
2030-06-06 06:00:00,YZ,IND_BOILER,10610.6,MW
2030-06-07 07:00:00,YZ,IND_BOILER,10376.8,MW
2030-06-08 08:00:00,YZ,IND_BOILER,8413.0,MW
2030-06-09 09:00:00,YZ,IND_BOILER,9642.1,MW
2030-06-10 10:00:00,YZ,IND_BOILER,9489.1,MW
2030-06-11 11:00:00,YZ,IND_BOILER,9689.3,MW
2030-06-12 12:00:00,YZ,IND_BOILER,9769.7,MW
2030-06-13 13:00:00,YZ,IND_BOILER,11412.0,MW
2030-06-14 14:00:00,YZ,IND_BOILER,9069.0,MW
2030-06-15 15:00:00,YZ,IND_BOILER,7167.1,MW
2030-06-16 16:00:00,YZ,IND_BOILER,8859.0,MW
2030-06-17 17:00:00,YZ,IND_BOILER,9489.1,MW
2030-06-18 18:00:00,YZ,IND_BOILER,9689.3,MW
2030-06-19 19:00:00,YZ,IND_BOILER,10089.7,MW
2030-06-20 20:00:00,YZ,IND_BOILER,10991.5,MW
2030-06-21 21:00:00,YZ,IND_BOILER,9489.1,MW
2030-06-22 22:00:00,YZ,IND_BOILER,7487.1,MW
2030-06-23 23:00:00,YZ,IND_BOILER,7687.3,MW
2030-06-25 00:00:00,YZ,IND_BOILER,8988.6,MW
2030-06-26 01:00:00,YZ,IND_BOILER,8087.7,MW
2030-06-27 02:00:00,YZ,IND_BOILER,7687.3,MW
2030-06-28 03:00:00,YZ,IND_BOILER,6786.4,MW
2030-06-29 04:00:00,YZ,IND_BOILER,6490.0,MW
2030-06-30 05:00:00,YZ,IND_BOILER,6410.0,MW
2030-07-01 06:00:00,YZ,IND_BOILER,7086.7,MW
2030-07-02 07:00:00,YZ,IND_BOILER,7787.4,MW
2030-07-03 08:00:00,YZ,IND_BOILER,9234.1,MW
2030-07-04 09:00:00,YZ,IND_BOILER,10288.7,MW
2030-07-05 10:00:00,YZ,IND_BOILER,10168.7,MW
2030-07-06 11:00:00,YZ,IND_BOILER,7487.1,MW
2030-07-07 12:00:00,YZ,IND_BOILER,8454.7,MW
2030-07-08 13:00:00,YZ,IND_BOILER,8379.1,MW
2030-07-09 14:00:00,YZ,IND_BOILER,8899.3,MW
2030-07-10 15:00:00,YZ,IND_BOILER,9892.9,MW
2030-07-11 16:00:00,YZ,IND_BOILER,11325.9,MW
2030-07-12 17:00:00,YZ,IND_BOILER,9389.0,MW
2030-07-13 18:00:00,YZ,IND_BOILER,7487.1,MW
2030-07-14 19:00:00,YZ,IND_BOILER,7687.3,MW
2030-07-15 20:00:00,YZ,IND_BOILER,9489.1,MW
2030-07-16 21:00:00,YZ,IND_BOILER,9689.3,MW
2030-07-17 22:00:00,YZ,IND_BOILER,10089.7,MW
2030-07-18 23:00:00,YZ,IND_BOILER,9989.6,MW
2030-07-20 00:00:00,YZ,IND_BOILER,8688.3,MW
2030-07-21 01:00:00,YZ,IND_BOILER,7186.8,MW
2030-07-22 02:00:00,YZ,IND_BOILER,6650.0,MW
2030-07-23 03:00:00,YZ,IND_BOILER,6690.0,MW
2030-07-24 04:00:00,YZ,IND_BOILER,6949.1,MW
2030-07-25 05:00:00,YZ,IND_BOILER,7186.8,MW
2030-07-26 06:00:00,YZ,IND_BOILER,7186.8,MW
2030-07-27 07:00:00,YZ,IND_BOILER,6986.6,MW
2030-07-28 08:00:00,YZ,IND_BOILER,7687.3,MW
2030-07-29 09:00:00,YZ,IND_BOILER,9088.7,MW
2030-07-30 10:00:00,YZ,IND_BOILER,9589.2,MW
2030-07-31 11:00:00,YZ,IND_BOILER,10146.7,MW
2030-08-01 12:00:00,YZ,IND_BOILER,11762.6,MW
2030-08-02 13:00:00,YZ,IND_BOILER,9163.2,MW
2030-08-03 14:00:00,YZ,IND_BOILER,9425.0,MW
2030-08-04 15:00:00,YZ,IND_BOILER,10272.9,MW
2030-08-05 16:00:00,YZ,IND_BOILER,9489.1,MW
2030-08-06 17:00:00,YZ,IND_BOILER,10151.8,MW
2030-08-07 18:00:00,YZ,IND_BOILER,11270.6,MW
2030-08-08 19:00:00,YZ,IND_BOILER,9989.6,MW
2030-08-09 20:00:00,YZ,IND_BOILER,9389.0,MW
2030-08-10 21:00:00,YZ,IND_BOILER,7487.1,MW
2030-08-11 22:00:00,YZ,IND_BOILER,7687.3,MW
2030-08-12 23:00:00,YZ,IND_BOILER,8699.1,MW
2030-08-14 00:00:00,YZ,IND_BOILER,9288.9,MW
2030-08-15 01:00:00,YZ,IND_BOILER,8911.7,MW
2030-08-16 02:00:00,YZ,IND_BOILER,7777.9,MW
2030-08-17 03:00:00,YZ,IND_BOILER,8859.7,MW
2030-08-18 04:00:00,YZ,IND_BOILER,6330.0,MW
2030-08-19 05:00:00,YZ,IND_BOILER,6450.0,MW
2030-08-20 06:00:00,YZ,IND_BOILER,7086.7,MW
2030-08-21 07:00:00,YZ,IND_BOILER,8187.8,MW
2030-08-22 08:00:00,YZ,IND_BOILER,8988.6,MW
2030-08-23 09:00:00,YZ,IND_BOILER,9088.7,MW
2030-08-24 10:00:00,YZ,IND_BOILER,7512.6,MW
2030-08-25 11:00:00,YZ,IND_BOILER,7687.3,MW
2030-08-26 12:00:00,YZ,IND_BOILER,9489.1,MW
2030-08-27 13:00:00,YZ,IND_BOILER,9689.3,MW
2030-08-28 14:00:00,YZ,IND_BOILER,10089.7,MW
2030-08-29 15:00:00,YZ,IND_BOILER,9989.6,MW
2030-08-30 16:00:00,YZ,IND_BOILER,9389.0,MW
2030-08-31 17:00:00,YZ,IND_BOILER,7487.1,MW
2030-09-01 18:00:00,YZ,IND_BOILER,7687.3,MW
2030-09-02 19:00:00,YZ,IND_BOILER,9489.1,MW
2030-09-03 20:00:00,YZ,IND_BOILER,8899.3,MW
2030-09-04 21:00:00,YZ,IND_BOILER,10089.7,MW
2030-09-05 22:00:00,YZ,IND_BOILER,10378.8,MW
2030-09-06 23:00:00,YZ,IND_BOILER,9389.0,MW
2030-09-08 00:00:00,YZ,IND_BOILER,6793.7,MW
2030-09-09 01:00:00,YZ,IND_BOILER,7286.9,MW
2030-09-10 02:00:00,YZ,IND_BOILER,7076.3,MW
2030-09-11 03:00:00,YZ,IND_BOILER,8130.0,MW
2030-09-12 04:00:00,YZ,IND_BOILER,6986.6,MW
2030-09-13 05:00:00,YZ,IND_BOILER,6690.0,MW
2030-09-14 06:00:00,YZ,IND_BOILER,6530.0,MW
2030-09-15 07:00:00,YZ,IND_BOILER,7086.7,MW
2030-09-16 08:00:00,YZ,IND_BOILER,8473.8,MW
2030-09-17 09:00:00,YZ,IND_BOILER,8688.5,MW
2030-09-18 10:00:00,YZ,IND_BOILER,10821.8,MW
2030-09-19 11:00:00,YZ,IND_BOILER,9946.1,MW
2030-09-20 12:00:00,YZ,IND_BOILER,9389.0,MW
2030-09-21 13:00:00,YZ,IND_BOILER,7481.5,MW
2030-09-22 14:00:00,YZ,IND_BOILER,7687.3,MW
2030-09-23 15:00:00,YZ,IND_BOILER,8884.8,MW
2030-09-24 16:00:00,YZ,IND_BOILER,8899.3,MW
2030-09-25 17:00:00,YZ,IND_BOILER,11486.4,MW
2030-09-26 18:00:00,YZ,IND_BOILER,9989.6,MW
2030-09-27 19:00:00,YZ,IND_BOILER,9055.9,MW
2030-09-28 20:00:00,YZ,IND_BOILER,7487.1,MW
2030-09-29 21:00:00,YZ,IND_BOILER,7687.3,MW
2030-09-30 22:00:00,YZ,IND_BOILER,9489.1,MW
2030-10-01 23:00:00,YZ,IND_BOILER,9689.3,MW
2030-10-03 00:00:00,YZ,IND_BOILER,9589.2,MW
2030-10-04 01:00:00,YZ,IND_BOILER,7987.6,MW
2030-10-05 02:00:00,YZ,IND_BOILER,6886.5,MW
2030-10-06 03:00:00,YZ,IND_BOILER,6410.0,MW
2030-10-07 04:00:00,YZ,IND_BOILER,6410.0,MW
2030-10-08 05:00:00,YZ,IND_BOILER,6690.0,MW
2030-10-09 06:00:00,YZ,IND_BOILER,7587.2,MW
2030-10-10 07:00:00,YZ,IND_BOILER,10172.6,MW
2030-10-11 08:00:00,YZ,IND_BOILER,9370.6,MW
2030-10-12 09:00:00,YZ,IND_BOILER,7587.2,MW
2030-10-13 10:00:00,YZ,IND_BOILER,6997.4,MW
2030-10-14 11:00:00,YZ,IND_BOILER,8799.2,MW
2030-10-15 12:00:00,YZ,IND_BOILER,10138.5,MW
2030-10-16 13:00:00,YZ,IND_BOILER,10299.3,MW
2030-10-17 14:00:00,YZ,IND_BOILER,10089.7,MW
2030-10-18 15:00:00,YZ,IND_BOILER,9489.1,MW
2030-10-19 16:00:00,YZ,IND_BOILER,8512.9,MW
2030-10-20 17:00:00,YZ,IND_BOILER,7787.4,MW
2030-10-21 18:00:00,YZ,IND_BOILER,8799.2,MW
2030-10-22 19:00:00,YZ,IND_BOILER,8999.4,MW
2030-10-23 20:00:00,YZ,IND_BOILER,10089.8,MW
2030-10-24 21:00:00,YZ,IND_BOILER,10041.1,MW
2030-10-25 22:00:00,YZ,IND_BOILER,8699.1,MW
2030-10-26 23:00:00,YZ,IND_BOILER,8075.1,MW
2030-10-28 00:00:00,YZ,IND_BOILER,7787.4,MW
2030-10-29 01:00:00,YZ,IND_BOILER,7787.4,MW
2030-10-30 02:00:00,YZ,IND_BOILER,9836.8,MW
2030-10-31 03:00:00,YZ,IND_BOILER,7769.7,MW
2030-11-01 04:00:00,YZ,IND_BOILER,6650.0,MW
2030-11-02 05:00:00,YZ,IND_BOILER,6370.0,MW
2030-11-03 06:00:00,YZ,IND_BOILER,6610.0,MW
2030-11-04 07:00:00,YZ,IND_BOILER,7064.3,MW
2030-11-05 08:00:00,YZ,IND_BOILER,8278.3,MW
2030-11-06 09:00:00,YZ,IND_BOILER,9589.2,MW
2030-11-07 10:00:00,YZ,IND_BOILER,9989.6,MW
2030-11-08 11:00:00,YZ,IND_BOILER,9785.0,MW
2030-11-09 12:00:00,YZ,IND_BOILER,7587.2,MW
2030-11-10 13:00:00,YZ,IND_BOILER,7787.4,MW
2030-11-11 14:00:00,YZ,IND_BOILER,9589.2,MW
2030-11-12 15:00:00,YZ,IND_BOILER,9789.4,MW
2030-11-13 16:00:00,YZ,IND_BOILER,10189.8,MW
2030-11-14 17:00:00,YZ,IND_BOILER,9769.7,MW
2030-11-15 18:00:00,YZ,IND_BOILER,12066.5,MW
2030-11-16 19:00:00,YZ,IND_BOILER,7587.2,MW
2030-11-17 20:00:00,YZ,IND_BOILER,7787.4,MW
2030-11-18 21:00:00,YZ,IND_BOILER,10997.8,MW
2030-11-19 22:00:00,YZ,IND_BOILER,8679.4,MW
2030-11-20 23:00:00,YZ,IND_BOILER,9399.8,MW
2030-11-22 00:00:00,YZ,IND_BOILER,8178.9,MW
2030-11-23 01:00:00,YZ,IND_BOILER,7587.2,MW
2030-11-24 02:00:00,YZ,IND_BOILER,6707.8,MW
2030-11-25 03:00:00,YZ,IND_BOILER,6352.4,MW
2030-11-26 04:00:00,YZ,IND_BOILER,8560.4,MW
2030-11-27 05:00:00,YZ,IND_BOILER,7186.8,MW
2030-11-28 06:00:00,YZ,IND_BOILER,7603.7,MW
2030-11-29 07:00:00,YZ,IND_BOILER,10810.8,MW
2030-11-30 08:00:00,YZ,IND_BOILER,7221.5,MW
2030-12-01 09:00:00,YZ,IND_BOILER,7887.5,MW
2030-12-02 10:00:00,YZ,IND_BOILER,9589.2,MW
2030-12-03 11:00:00,YZ,IND_BOILER,9889.5,MW
2030-12-04 12:00:00,YZ,IND_BOILER,10289.9,MW
2030-12-05 13:00:00,YZ,IND_BOILER,10300.6,MW
2030-12-06 14:00:00,YZ,IND_BOILER,11096.1,MW
2030-12-07 15:00:00,YZ,IND_BOILER,10510.5,MW
2030-12-08 16:00:00,YZ,IND_BOILER,7812.6,MW
2030-12-09 17:00:00,YZ,IND_BOILER,9159.3,MW
2030-12-10 18:00:00,YZ,IND_BOILER,9856.8,MW
2030-12-11 19:00:00,YZ,IND_BOILER,10289.9,MW
2030-12-12 20:00:00,YZ,IND_BOILER,10189.8,MW
2030-12-13 21:00:00,YZ,IND_BOILER,9589.2,MW
2030-12-14 22:00:00,YZ,IND_BOILER,6929.1,MW
2030-12-15 23:00:00,YZ,IND_BOILER,7097.5,MW
2030-12-17 00:00:00,YZ,IND_BOILER,9834.7,MW
2030-12-18 01:00:00,YZ,IND_BOILER,8395.3,MW
2030-12-19 02:00:00,YZ,IND_BOILER,8376.4,MW
2030-12-20 03:00:00,YZ,IND_BOILER,6986.6,MW
2030-12-21 04:00:00,YZ,IND_BOILER,6570.0,MW
2030-12-22 05:00:00,YZ,IND_BOILER,6490.0,MW
2030-12-23 06:00:00,YZ,IND_BOILER,7286.9,MW
2030-12-24 07:00:00,YZ,IND_BOILER,10399.8,MW
2030-12-25 08:00:00,YZ,IND_BOILER,9267.3,MW
2030-12-26 09:00:00,YZ,IND_BOILER,9889.5,MW
2030-12-27 10:00:00,YZ,IND_BOILER,9589.2,MW
2030-12-28 11:00:00,YZ,IND_BOILER,8256.4,MW
2030-12-29 12:00:00,YZ,IND_BOILER,7887.5,MW
2030-12-30 13:00:00,YZ,IND_BOILER,9697.2,MW
2030-12-31 14:00:00,YZ,IND_BOILER,12781.5,MW
2031-01-01 15:00:00,YZ,IND_BOILER,10390.0,MW
